,RAJ2000,DEJ2000,Dist,Bmag,BmagHyp,ImagHyp,modzHyp,mod0Hyp,logd25Hyp,logr25Hyp,logdcHyp,PAHyp,BmagHypC,ImagHypC,U-BHypC,B-VHypC,Jmag2,Hmag2,Kmag2,a_b,PAK,BmagGWGC,maj,min,PAGWGC,DistGWGC,Kmag2MPZ,Bmag2MPZ,zsp2MPZ,zph2MPZ,Flag
667013,357.16921999999994,-2.3623449999999995,92.028,15.33,15.81,14.02,34.92,,0.85,0.19,0.86,136.2,15.33,13.95,,,13.633,12.946,12.776,0.7,-55.0,15.33,0.708,0.457,136.2,92.028,12.761,15.622,0.022190000000000005,0.031973,0
667018,150.13201888888887,-31.244976111111107,31.583,12.6,12.95,10.66,32.62,,1.31,0.15,1.34,179.9,12.6,10.52,0.35,0.87,9.749,9.032,8.818,0.6,0.0,12.6,2.042,1.446,179.9,31.583,8.792,12.49,0.008130000000000002,0.008867,0
667030,76.32511888888888,-9.147248055555554,44.347,12.53,13.03,10.86,33.33,,1.43,0.35,1.45,112.0,12.52,10.69,0.28,0.75,9.838,9.139,8.85,0.6,-55.0,12.53,1.816,0.89,112.0,44.347,8.818,12.735,0.010900000000000002,0.010972,0
667044,338.2499080555555,-20.094193888888885,80.264,14.13,14.43,13.35,34.57,,1.05,0.03,1.07,,14.14,13.25,,,13.761,13.023,12.809,0.4,15.0,14.13,0.83,0.772,,80.264,12.792,14.575,0.019050000000000004,0.011343,0
667076,138.79653888888888,29.252758055555553,88.167,16.19,17.13,,34.83,,0.72,0.46,0.71,2.4,16.19,,,,14.386,13.644,13.137,0.5,0.0,16.19,0.525,0.182,2.4,88.167,13.127,16.32,0.020800000000000003,0.062994,0
667092,159.2503811111111,18.135781944444442,86.125,14.0,14.44,,34.83,,1.04,0.17,1.04,157.0,14.12,,,,11.225,10.519,10.233,0.6,-45.0,14.0,1.257,0.93,157.0,86.125,10.223,14.119,0.020600000000000004,0.028994,0
667104,29.770623888888885,36.258621111111104,69.569,14.25,14.93,,34.26,,1.07,0.25,1.1,154.3,14.24,,,,11.702,11.014,10.66,0.8,15.0,14.25,1.069,0.62,148.6,69.569,10.626,16.694,0.016260000000000004,0.022374,0
667108,209.71360805555554,-33.48988694444444,56.806,14.61,14.96,12.42,33.87,,1.0,0.18,1.02,66.2,14.61,12.29,,,11.626,10.927,10.711,0.9,65.0,14.61,0.644,0.489,66.2,56.806,10.686,14.549,0.013740000000000002,0.015749,0
667118,263.2659911111111,27.574813888888887,98.569,15.6,15.82,,35.07,,0.85,0.26,0.86,166.7,15.15,,,,14.372,13.693,13.438,0.9,-15.0,15.6,0.708,0.389,166.7,98.569,13.419,15.546,,0.027657,0
667128,118.56142388888887,37.845969999999994,82.111,16.73,16.95,15.44,34.68,,0.7,0.45,0.7,18.8,15.94,15.34,,,14.318,13.867,13.416,0.7,15.0,16.73,0.501,0.174,18.8,82.111,13.397,15.764,0.019560000000000004,0.024388,0
667132,184.36695888888886,67.55899805555555,98.319,15.15,15.53,14.45,35.07,,0.89,0.14,0.9,116.8,15.15,14.4,,,13.31,12.723,12.47,0.7,-75.0,15.15,0.776,0.562,116.8,98.319,12.462,14.795,0.022680000000000002,0.02309,0
667145,197.44877611111107,-23.383831111111107,33.806,12.87,13.45,11.31,33.13,,1.19,0.06,1.26,173.2,12.87,11.08,,,10.292,9.599,9.33,0.9,-20.0,12.87,0.932,0.792,173.2,33.806,9.285,13.16,0.009680000000000001,0.012307,0
667155,60.98174999999999,30.83997305555555,76.625,13.57,15.05,,34.52,,0.89,0.0,1.12,,13.57,,,,11.294,10.56,10.223,0.8,-15.0,13.57,0.514,0.514,,76.625,10.102,13.452,0.018260000000000002,0.01253,0
667161,28.556346944444442,18.101708888888886,69.847,14.32,14.8,13.43,34.3,,1.05,0.12,1.07,60.5,14.33,13.33,,,13.522,12.914,12.757,0.5,60.0,14.32,0.953,0.743,60.5,69.847,12.737,14.537,,0.012823,0
667163,147.60606388888888,-11.533898888888887,74.722,15.34,15.53,13.66,34.47,,0.84,0.22,,95.5,15.28,13.57,,,13.041,12.314,12.111,0.8,-85.0,15.34,0.692,0.417,95.5,74.722,12.094,15.036,0.018230000000000003,0.026181,0
667181,169.46191388888886,-26.134469999999997,25.611,13.4,13.65,11.25,32.3,,1.25,0.17,1.28,136.7,13.4,11.16,0.31,0.83,10.816,10.164,9.946,0.8,-25.0,13.4,2.039,1.407,136.7,25.611,9.928,13.113,0.007160000000000001,0.008593,0
667201,23.759808055555553,41.248153888888886,73.125,14.08,14.42,,34.42,,1.12,0.37,1.13,148.3,14.08,,,,11.106,10.407,10.143,0.6,-30.0,14.08,1.582,0.807,148.3,73.125,10.122,13.988,0.017050000000000003,0.017811,0
667207,132.61215194444443,60.08249999999999,59.111,15.31,15.51,14.27,34.01,,0.94,0.51,0.94,83.6,14.6,14.17,,,13.06,12.249,12.017,0.3,85.0,15.31,0.512,0.169,83.1,59.111,11.998,14.805,0.013820000000000002,0.031157,0
667220,196.0502469444444,-4.8910688888888885,13.417,14.65,14.83,12.71,30.78,,0.92,0.07,0.93,96.3,14.64,12.63,,,12.072,11.413,11.174,0.7,-70.0,14.65,0.832,0.708,96.3,13.417,11.159,14.339,0.0030700000000000002,0.01367,0
667233,239.88369805555553,-66.13193499999998,86.403,13.71,14.3,,34.78,,1.0,0.04,1.05,,13.71,,,,11.948,11.162,10.936,1.0,-60.0,13.71,0.738,0.672,,86.403,10.896,14.584,0.021510000000000005,0.027774,0
667267,72.08841694444443,-5.25210111111111,69.403,15.87,16.14,13.54,34.32,,0.7,0.15,,56.5,15.82,13.42,,,12.617,11.886,11.632,0.6,60.0,15.87,0.501,0.355,56.5,69.403,11.61,15.548,0.017040000000000003,0.026455,0
667288,42.74852805555555,37.46666305555555,70.069,13.57,13.93,,34.35,,0.99,0.11,1.03,73.0,13.57,,,,10.882,10.146,9.882,0.9,85.0,13.57,1.228,1.019,73.0,70.069,9.858,13.726,0.016470000000000002,0.017972,0
667328,21.590723055555554,34.702998888888885,74.139,12.53,13.22,11.19,34.44,33.88,1.47,0.29,1.48,67.5,12.53,11.09,0.17,0.71,10.322,9.668,9.357,0.4,90.0,12.53,1.992,0.697,67.5,74.139,9.338,12.801,0.017310000000000002,0.014634,0
667336,12.874783888888887,-12.844336944444443,88.167,14.82,15.02,13.72,34.71,,0.91,0.04,0.92,116.2,14.82,13.68,,,13.431,12.895,12.681,0.7,-85.0,14.82,0.561,0.522,116.2,88.167,12.672,14.709,0.02099,0.016982,0
667356,280.95129388888887,-58.63276305555555,81.181,16.89,17.28,15.28,34.65,,0.55,0.13,,,16.83,15.1,,,14.127,13.23,12.909,0.9,-85.0,16.89,0.355,0.263,,81.181,12.876,16.849,0.020160000000000004,0.082123,0
667364,31.008776111111107,30.83281305555555,74.819,14.25,14.58,,34.45,,1.1,0.58,1.11,8.5,14.25,,,,11.461,10.76,10.497,0.4,5.0,14.25,0.998,0.22,8.5,74.819,10.475,14.534,0.017580000000000002,0.018418,0
667383,156.82310499999997,-49.12772,79.917,14.42,15.71,13.13,34.62,,0.91,0.09,1.03,126.0,14.25,12.57,,,12.042,11.294,11.049,1.0,-80.0,14.42,0.571,0.445,126.0,79.917,10.939,14.516,0.018320000000000003,0.019894,0
667401,272.95040888888883,-67.63932805555555,43.611,13.41,15.09,13.38,33.27,,1.27,0.64,1.3,19.0,13.41,13.13,,,13.002,12.218,11.979,0.4,20.0,13.41,1.2,0.288,19.0,43.611,11.931,14.535,0.011230000000000002,0.014622,0
667407,206.5982061111111,-24.085559999999997,77.208,14.55,14.9,12.82,34.57,,1.01,0.13,1.04,15.5,14.46,12.67,,,11.804,11.12,10.82,0.9,10.0,14.55,0.316,0.246,15.5,77.208,10.79,14.615,0.018910000000000003,0.029537,0
667438,90.7656861111111,-20.296598055555553,38.792,15.13,15.42,13.72,33.07,,0.97,0.38,0.97,111.4,15.13,13.61,,,13.384,12.892,12.474,0.7,45.0,15.13,0.933,0.389,111.4,38.792,12.453,15.076,0.009910000000000002,0.014926,0
667442,129.17651388888888,66.23290305555555,74.681,15.43,15.85,,34.52,,0.74,0.15,0.76,41.0,15.43,,-0.32,0.56,13.612,12.929,12.58,0.7,50.0,15.43,0.418,,41.0,74.681,12.561,15.761,,0.036597,0
667468,124.53152499999999,26.633864999999997,82.681,14.72,15.05,13.55,34.75,,0.92,0.09,0.93,60.0,14.73,13.48,,,12.255,11.575,11.307,0.5,65.0,14.72,0.549,0.467,60.0,82.681,11.294,14.832,0.020160000000000004,0.024442,0
667471,186.07406611111108,9.334414999999998,91.472,14.94,15.16,14.38,34.95,,0.74,0.04,0.74,13.2,14.94,14.34,,,13.096,12.381,12.026,0.9,30.0,14.94,0.223,0.223,13.2,91.472,12.018,15.155,0.022150000000000003,0.033821,0
667485,216.59937999999997,-52.3951911111111,61.486,15.82,18.23,15.8,34.05,,0.57,0.28,0.74,100.0,15.82,14.97,,,14.923,14.314,13.58,0.5,85.0,15.82,0.372,0.195,100.0,61.486,13.419,16.177,,0.053476,0
667501,21.090848888888885,32.223766111111104,72.667,14.41,15.36,13.32,34.26,,0.97,0.56,0.97,74.4,14.42,13.2,,,12.323,11.57,11.279,0.4,75.0,14.41,0.933,0.257,74.3,72.667,11.255,14.883,0.017060000000000002,0.028364,0
667529,252.33758499999996,-17.644534999999998,96.097,11.6,16.59,16.48,35.0,,1.02,0.92,1.36,124.3,11.05,14.7,,,12.011,11.036,10.573,0.2,-55.0,11.6,0.74,0.104,124.0,96.097,10.23,13.51,0.022900000000000004,0.014988,0
667533,220.0994261111111,6.307199999999999,99.403,14.5,14.89,13.8,35.12,,1.05,0.11,1.06,60.7,14.5,13.72,,,12.699,11.951,11.648,0.6,25.0,14.5,0.83,0.647,60.7,99.403,11.633,14.314,0.023840000000000004,0.022181,0
667537,309.57842999999997,-4.11581611111111,86.375,14.79,15.4,13.65,34.78,,0.86,0.1,0.89,149.3,14.79,13.46,,,12.838,12.013,11.79,0.4,-60.0,14.79,0.724,0.575,149.3,86.375,11.753,14.525,0.021150000000000002,0.021455,0
667578,126.04082499999998,-0.31980194444444443,69.972,15.55,15.73,14.17,34.34,,0.89,0.54,0.89,141.3,14.76,14.08,,,12.722,12.016,11.784,0.3,-35.0,15.55,0.536,0.397,141.4,69.972,11.767,15.418,0.017040000000000003,0.020827,0
667583,58.73636194444444,-65.94528194444443,73.625,13.66,14.77,12.49,34.39,,1.22,0.61,1.22,41.0,13.66,12.38,,,11.496,10.694,10.409,0.3,40.0,13.66,1.316,0.25,41.2,73.625,10.388,14.233,0.018260000000000002,0.023637,0
667589,157.44496194444443,13.018099999999999,40.5,14.76,14.95,13.87,33.19,,1.12,0.45,1.11,93.3,14.74,13.8,,,13.142,12.523,12.296,0.5,85.0,14.76,0.91,0.337,93.3,40.5,12.282,14.024,0.009790000000000002,0.01549,0
667597,304.0246888888889,-52.086521111111104,88.944,13.97,14.29,12.56,34.68,,1.01,0.04,1.03,,13.98,12.47,,,12.144,11.438,11.128,0.4,50.0,13.97,0.723,0.615,,88.944,11.11,13.735,0.020370000000000003,0.021949,0
667603,196.66915888888886,-38.275593055555554,43.194,13.79,14.12,11.83,33.36,,1.14,0.24,1.17,33.2,13.79,11.71,,,10.853,10.137,9.861,0.8,45.0,13.79,0.831,0.615,33.2,43.194,9.837,13.924,0.01122,0.020305,0
667616,153.45150805555554,18.126178888888887,47.222,14.91,15.5,14.7,33.64,,0.88,0.24,0.89,46.5,14.94,14.62,,,13.846,13.279,13.003,0.7,45.0,14.91,0.512,0.323,46.5,47.222,12.989,14.882,0.011990000000000002,0.023211,0
667638,297.85967999999997,-44.84323499999999,79.667,13.94,14.3,,34.55,,1.2,0.26,1.23,10.1,13.94,,0.32,0.91,11.049,10.309,10.065,0.7,15.0,13.94,1.2,0.588,10.1,79.667,10.041,13.654,0.018890000000000004,0.016587,0
667639,353.4553530555555,30.06035805555555,54.736,12.99,13.69,12.3,33.78,,1.11,0.18,1.13,139.4,12.99,12.14,,,11.597,10.953,10.662,0.8,75.0,12.99,0.998,0.649,139.4,54.736,10.631,13.084,0.012670000000000002,0.011703,0
667658,42.202098888888884,-19.971263888888885,62.389,14.18,14.42,12.18,34.03,,1.17,0.73,1.16,34.3,13.2,12.06,,,11.138,10.348,10.037,0.2,35.0,14.18,1.022,0.184,34.2,62.389,10.014,14.039,0.014750000000000003,0.019443,0
667664,358.48644999999993,28.492694999999998,98.972,14.12,14.43,,35.05,,1.05,0.19,1.08,179.0,14.12,,,,11.212,10.469,10.223,0.7,0.0,14.12,0.707,0.551,179.0,98.972,10.206,14.154,0.023020000000000002,0.020463,0
667671,170.01580805555554,18.356791111111107,20.045,11.7,11.81,,31.81,31.49,1.47,0.18,1.47,156.3,11.7,,0.26,0.76,9.189,8.536,8.25,0.6,-15.0,11.7,2.086,1.544,156.3,20.045,8.243,11.896,0.004980000000000001,0.006682,0
667676,93.6827011111111,-39.06002805555555,69.986,15.82,16.13,13.59,34.34,,1.07,0.81,1.06,11.6,14.58,13.45,,,12.961,12.176,11.801,0.4,15.0,15.82,1.175,0.182,11.6,69.986,11.774,15.471,0.017620000000000004,0.041815,0
667716,243.76171888888885,61.781971111111105,43.194,14.87,14.96,,33.36,,0.52,0.08,0.52,120.0,14.74,,,,12.385,11.735,11.511,0.6,-55.0,14.87,0.24,0.199,120.0,43.194,11.504,15.049,0.009810000000000001,0.020674,0
667743,136.52737388888886,-15.309658055555554,71.139,13.93,14.76,13.32,34.35,,1.12,0.29,1.13,115.3,13.94,13.2,,,13.675,13.112,12.854,0.5,-60.0,13.93,1.318,0.676,115.3,71.139,12.83,15.472,0.01752,0.026846,0
667750,116.29568499999999,7.93330111111111,68.347,13.77,14.91,,34.32,,1.25,0.58,1.24,15.8,13.77,,,,11.693,10.863,10.511,0.2,15.0,13.77,1.316,0.382,16.0,68.347,10.5,14.471,0.016980000000000002,0.019058,0
667785,51.825198888888885,-34.52643194444444,18.621,14.18,13.95,12.2,30.95,31.55,1.17,0.28,1.16,30.5,13.89,12.18,,0.81,11.602,10.959,10.764,0.4,30.0,14.18,0.931,0.447,30.5,18.621,10.76,13.906,0.004150000000000001,0.007978,0
667798,62.47952694444444,-39.688736111111105,87.083,14.01,14.39,,34.71,,1.05,0.18,1.05,83.9,13.98,,,,11.414,10.766,10.459,0.5,75.0,14.01,0.74,0.481,83.9,87.083,10.454,14.285,0.02142,0.027613,0
667805,144.33038305555553,33.82353194444444,94.222,14.79,15.72,14.17,35.03,,1.01,0.61,0.99,53.8,14.86,14.14,,,12.386,11.533,11.066,0.3,55.0,14.79,0.757,0.159,53.1,94.222,11.061,15.232,0.022710000000000004,0.028137,0
667823,196.82856805555554,2.0034711111111108,79.611,15.39,15.52,14.43,34.65,,0.76,0.06,,69.2,15.34,14.37,,,13.714,13.199,12.631,0.4,70.0,15.39,0.596,,69.2,79.611,12.621,14.748,0.019400000000000004,0.022645,0
667827,164.96228,-25.495669999999997,50.208,13.94,14.46,,33.59,,0.9,0.11,0.92,98.4,13.96,,,,12.115,11.423,11.157,0.8,90.0,13.94,0.549,0.428,98.4,50.208,11.13,13.815,0.012580000000000003,0.015083,0
667838,163.15983611111108,34.48278805555555,25.351,14.31,15.13,13.87,32.02,32.05,1.11,0.6,1.1,14.9,14.38,13.84,,,12.868,12.18,11.961,0.4,10.0,14.31,0.954,0.238,14.9,25.351,11.954,14.671,0.005240000000000001,0.01581,0
667848,180.34956388888887,13.310594999999998,97.944,16.54,16.67,15.03,35.05,,0.59,0.15,,40.4,16.47,14.98,,,13.543,12.845,12.638,0.6,45.0,16.54,0.389,0.275,40.4,97.944,12.627,16.381,0.023210000000000005,0.020935,0
667849,192.72044388888887,34.156841111111106,94.681,14.63,14.92,13.04,35.07,,1.13,0.15,1.13,47.3,14.72,13.01,,,11.647,10.963,10.682,0.6,50.0,14.63,0.407,0.33,47.3,94.681,10.678,14.311,0.022870000000000005,0.025514,0
667850,39.796008888888885,41.24563194444444,63.833,14.88,15.57,13.42,34.13,,0.97,0.21,0.99,7.0,14.88,13.29,,,12.726,11.978,11.727,0.7,15.0,14.88,0.998,0.659,7.0,63.833,11.701,14.685,0.014920000000000003,0.022212,0
667887,64.47226694444444,-56.61621888888888,90.903,14.66,14.84,12.09,34.84,,1.1,0.18,1.1,158.3,14.66,12.05,,0.85,11.483,10.765,10.443,0.7,-20.0,14.66,0.707,0.445,158.3,90.903,10.436,14.325,0.022190000000000005,0.0348,0
667914,156.57316611111108,-2.6727449999999995,73.625,16.89,17.06,15.3,34.44,,0.5,0.19,,32.5,16.84,15.23,,,14.24,13.609,13.404,0.7,40.0,16.89,0.316,0.204,32.5,73.625,13.39,16.732,,0.033277,0
667931,194.46919305555554,-22.63848111111111,97.778,15.52,16.07,14.25,35.05,,1.02,0.5,1.05,72.2,14.68,14.01,,,14.089,13.285,13.005,0.4,65.0,15.52,1.047,0.324,72.2,97.778,12.958,15.213,0.023730000000000005,0.029822,0
667964,68.83248111111111,-42.203399999999995,28.722,14.52,15.35,13.38,32.16,,0.97,0.51,0.96,76.0,14.53,13.34,,,12.89,12.209,11.994,0.4,75.0,14.52,0.66,0.238,76.0,28.722,11.985,14.935,0.006980000000000001,0.02699,0
667973,333.2286069444444,11.418813055555555,98.056,15.59,15.92,,35.03,,0.72,0.17,,170.5,15.52,,,,12.892,12.03,11.882,0.7,-35.0,15.59,0.316,0.205,170.5,98.056,11.854,15.355,,0.029112,0
667997,269.31222499999996,12.179533888888887,41.903,12.06,13.48,,33.22,,1.29,0.38,1.34,88.5,12.07,,,,10.868,10.203,9.894,0.5,90.0,12.06,1.41,0.634,86.7,41.903,9.831,17.632,0.009580000000000002,0.016664,0
668001,195.75466888888886,7.852183888888888,69.056,15.82,15.99,14.97,33.16,,0.8,0.22,,173.6,15.82,14.91,,,14.426,13.837,13.614,0.6,-5.0,15.82,0.631,0.38,173.6,69.056,13.602,16.077,0.009530000000000002,0.01616,0
668014,191.18418888888885,27.891658888888884,89.944,15.44,15.83,14.86,34.87,,0.76,0.18,0.76,97.9,15.44,14.83,,,14.478,13.892,13.757,0.5,-70.0,15.44,0.575,0.38,97.9,89.944,13.751,15.108,0.02108,0.021223,0
668031,190.30900611111107,26.73621694444444,68.333,15.14,15.48,14.5,34.26,,0.91,0.21,0.91,20.1,15.14,14.46,,,13.947,13.335,13.073,0.8,15.0,15.14,0.813,0.502,20.1,68.333,13.067,15.574,0.015840000000000003,0.024164,0
668049,192.1003111111111,26.85783194444444,96.125,14.67,15.13,13.33,35.22,,0.98,0.4,0.97,119.5,14.69,13.31,,,11.798,11.138,10.852,0.3,-60.0,14.67,0.691,0.173,119.5,96.125,10.847,14.782,0.024680000000000004,0.027448,0
668051,48.35110888888888,-8.212456944444444,70.333,15.5,15.77,13.26,34.32,,1.06,0.63,1.06,70.8,15.42,13.14,,,11.991,11.278,11.0,0.4,75.0,15.5,0.508,,69.8,70.333,10.977,14.708,0.017050000000000003,0.024999,0
668069,272.8140869444444,36.007796944444436,92.681,13.18,14.22,,34.95,,1.37,0.6,1.36,158.5,13.18,,,,11.392,10.657,10.378,0.3,-20.0,13.18,1.859,0.409,158.0,92.681,10.363,13.815,0.021600000000000005,0.022204,0
668074,14.142263888888888,-2.8433269444444442,77.875,15.1,15.3,13.55,34.55,,0.81,0.21,0.82,52.0,14.77,13.47,,,12.87,12.225,11.959,0.7,65.0,15.1,0.646,0.399,52.0,77.875,11.942,14.886,0.018760000000000002,0.024539,0
668081,154.4133,64.3913961111111,65.5,15.91,16.75,15.74,34.17,,0.95,0.54,0.93,100.7,15.74,15.72,,,14.894,14.179,13.825,0.3,-75.0,15.91,0.891,0.257,101.0,65.5,13.82,16.251,,0.045297,0
668087,193.51266499999997,-8.653798055555555,59.236,15.74,15.96,13.91,34.05,,0.87,0.48,,26.0,15.69,13.81,,,12.929,12.233,11.88,0.4,25.0,15.74,0.536,0.177,26.0,59.236,11.861,15.548,0.014840000000000002,0.05115,0
668097,292.63821388888886,35.77685888888888,66.514,14.92,15.64,13.11,34.23,,0.83,0.07,0.88,46.8,14.93,12.86,,,12.841,12.214,12.05,0.6,30.0,14.92,0.586,0.457,46.8,66.514,12.003,14.795,,0.023595,0
668108,56.26480888888888,-35.97260305555555,20.893,14.11,14.01,12.14,30.4,31.46,1.14,0.08,1.14,155.5,13.96,12.12,,0.89,11.611,10.98,10.797,0.6,-25.0,14.11,0.74,0.585,155.5,20.893,10.794,14.17,0.0033300000000000005,0.008394,0
668111,356.76214611111106,-47.47282388888888,79.5,15.94,15.83,14.75,34.62,,0.94,0.6,0.92,91.0,14.75,14.72,,,14.25,13.479,13.118,0.3,90.0,15.94,0.871,0.219,91.3,79.5,13.113,15.625,,0.045902,0
668122,227.45605499999996,0.46996694444444437,24.889,12.73,13.15,10.78,32.51,31.98,1.34,0.19,1.36,110.7,12.88,10.67,0.45,0.87,9.743,9.066,8.831,0.8,-55.0,12.73,1.734,1.248,110.7,24.889,8.811,12.729,0.006950000000000001,0.009884,0
668132,46.450984999999996,-0.17680694444444442,82.292,14.67,15.03,13.45,34.66,,0.74,0.05,,174.0,14.61,13.29,,,12.297,11.605,11.311,0.9,-5.0,14.67,0.308,0.308,174.0,82.292,11.28,14.505,0.019840000000000003,0.023698,0
668147,197.3951261111111,4.950648888888888,99.583,15.19,15.31,13.6,35.13,,0.99,0.24,0.99,173.4,14.89,13.54,,,12.142,11.429,11.184,0.6,-10.0,15.19,0.579,,173.4,99.583,11.174,14.811,0.024050000000000002,0.022818,0
668152,25.990686111111106,2.3499088888888884,72.625,14.09,14.27,,34.35,,1.02,0.04,1.03,,14.09,,,0.95,11.447,10.755,10.44,0.8,10.0,14.09,1.094,1.039,,72.625,10.431,14.102,0.01718,0.020311,0
668154,154.80409194444442,-5.628975,70.986,14.65,14.95,,34.35,,0.99,0.03,1.0,,14.65,,,,12.265,11.603,11.404,0.9,85.0,14.65,0.977,0.912,,70.986,11.385,14.843,0.017220000000000003,0.021915,0
668159,208.20944194444442,-30.710044999999997,99.042,14.24,14.62,12.73,35.09,34.99,1.06,0.04,1.09,,14.24,12.62,,,11.924,11.216,10.951,0.5,20.0,14.24,0.83,0.755,,99.042,10.929,14.475,0.024210000000000002,0.02296,0
668179,194.30096388888887,-13.664851944444443,60.236,12.6,12.88,10.54,34.03,,1.43,0.22,1.45,138.7,12.6,10.45,,,9.579,8.87,8.607,0.7,-45.0,12.6,1.511,0.876,138.7,60.236,8.589,12.806,0.014540000000000003,0.011849,0
668181,207.91480999999996,-30.48900194444444,64.847,13.25,13.58,12.2,34.05,,1.18,0.18,1.2,117.4,13.25,12.09,,0.91,10.977,10.267,10.002,0.6,-85.0,13.25,0.85,0.433,117.4,64.847,9.98,13.698,0.015080000000000001,0.018392,0
668184,37.01913111111111,-10.183328055555554,28.0,16.02,16.13,14.57,32.34,,0.67,0.07,0.68,16.8,15.87,14.52,,,14.243,13.586,13.365,0.9,65.0,16.02,0.468,0.398,16.8,28.0,13.356,15.457,0.006890000000000001,0.016027,0
668203,348.64379888888885,28.32702805555555,98.819,13.48,14.29,,35.05,,1.14,0.17,1.18,147.0,13.5,,,,11.128,10.393,10.085,0.8,-30.0,13.48,0.83,0.656,147.0,98.819,10.044,13.573,0.023090000000000003,0.017445,0
668208,209.32878111111108,15.458276944444442,76.903,14.26,14.44,12.9,34.57,,1.1,0.23,1.1,20.6,14.26,12.86,,,11.481,10.73,10.473,0.7,35.0,14.26,1.094,0.711,20.6,76.903,10.464,14.232,0.018300000000000004,0.019816,0
668209,55.17549888888888,-37.51085694444444,19.231,13.74,13.5,11.56,32.21,31.77,1.17,0.05,1.18,45.1,13.41,11.54,0.32,0.86,10.835,10.181,9.982,1.0,-55.0,13.74,0.812,0.739,45.1,19.231,9.977,13.57,0.005210000000000001,0.009599,0
668210,181.30342111111108,28.782083888888884,43.653,14.91,15.17,14.05,33.41,,1.0,0.11,1.01,30.8,14.89,14.01,,,13.469,12.854,12.605,0.7,35.0,14.91,1.12,1.098,30.8,43.653,12.598,17.841,0.010520000000000002,0.011105,0
668214,180.4573361111111,16.53007111111111,90.125,15.02,15.22,14.41,34.92,,0.75,0.09,0.77,,14.83,14.32,,,13.382,12.726,12.489,0.8,90.0,15.02,0.316,0.246,,90.125,12.472,14.628,0.021860000000000004,0.018024,0
668229,344.17242388888883,-7.379028055555555,61.472,13.66,14.25,12.86,34.05,,1.11,0.22,1.12,159.8,13.66,12.79,,,12.429,11.754,11.49,0.6,-45.0,13.66,1.288,0.777,159.8,61.472,11.476,14.012,0.014810000000000002,0.012845,0
668234,190.15353388888886,-5.13301,32.659,11.5,12.52,10.67,32.84,32.6,1.11,0.21,1.11,88.5,12.05,10.62,,,9.607,8.921,8.633,0.4,-77.0,11.5,2.085,0.709,88.5,32.659,8.624,16.04,0.008470000000000002,0.010082,0
668243,200.23384111111108,1.5037319444444444,83.236,14.83,15.2,13.65,34.74,,0.83,0.12,0.84,87.1,14.83,13.59,,,12.777,12.038,11.768,0.8,75.0,14.83,0.354,0.234,87.1,83.236,11.757,14.919,0.020240000000000005,0.023977,0
668248,218.52351388888886,-7.660293055555554,95.458,16.9,17.18,,35.02,,0.57,0.36,,100.5,16.83,,,,14.357,13.621,13.333,0.3,-80.0,16.9,0.372,0.163,100.5,95.458,13.309,16.233,,0.060304,0
668267,198.59880111111107,-46.11151888888888,37.569,15.3,15.8,10.8,33.16,,1.48,0.34,1.51,50.9,14.69,10.58,,,10.917,10.276,10.057,0.5,75.0,15.3,0.482,,50.9,37.569,10.015,12.639,0.01037,0.011413,0
668293,2.260276944444444,21.624443055555552,90.167,14.52,15.05,,34.85,,1.03,0.28,1.04,30.3,14.52,,,,11.445,10.694,10.421,0.5,45.0,14.52,0.723,0.455,30.3,90.167,10.404,14.316,0.021120000000000003,0.027344,0
668295,119.38532305555555,59.084018888888885,80.153,14.67,14.91,,34.68,,1.01,0.54,1.01,135.0,14.19,,,,11.77,11.044,10.749,0.4,-45.0,14.67,0.793,0.222,135.0,80.153,10.729,14.007,0.01895,0.023005,0
668302,177.07894888888887,-11.649499999999998,90.069,13.92,14.26,13.1,34.95,,0.95,0.12,0.96,87.5,13.93,13.05,,,12.877,12.257,12.055,0.4,-80.0,13.92,0.478,0.397,87.5,90.069,12.046,14.013,0.022250000000000002,0.022938,0
668314,217.2845611111111,41.83065805555555,76.569,14.42,15.35,13.66,34.59,,0.9,0.54,0.89,17.8,14.74,13.64,,,12.027,11.322,10.975,0.6,25.0,14.42,0.645,0.264,17.8,76.569,10.971,14.873,0.018030000000000004,0.024473,0
668337,104.00322694444444,-35.56389194444444,84.847,15.67,16.71,,34.74,,0.91,0.59,,66.5,15.6,,,,14.222,13.382,13.108,0.3,60.0,15.67,0.813,0.209,66.5,84.847,13.019,15.72,,0.051875,0
668348,74.97876,-18.544543888888885,76.139,14.15,15.14,13.1,34.49,,1.08,0.43,1.09,106.6,14.16,12.97,,,12.264,11.565,11.26,0.3,-75.0,14.15,0.793,0.301,105.8,76.139,11.235,14.412,0.018730000000000004,0.028429,0
668351,212.4888761111111,17.545424999999998,69.875,12.88,13.07,,34.3,34.44,1.22,0.11,1.23,1.0,12.88,,0.55,0.94,10.012,9.295,9.028,0.8,5.0,12.88,1.735,1.475,1.0,69.875,9.018,12.997,0.016190000000000003,0.013669,0
668363,171.46993999999998,18.599036944444443,86.667,15.2,15.28,13.54,34.8,,0.91,0.04,0.92,7.4,15.09,13.5,,,12.204,11.511,11.231,0.8,-40.0,15.2,0.813,0.741,7.4,86.667,11.224,14.894,0.020530000000000003,0.026042,0
668368,302.82403611111107,-28.996153055555553,96.458,14.21,14.84,12.82,35.02,,1.0,0.08,1.04,24.0,14.2,12.62,,,12.097,11.429,11.104,0.5,20.0,14.21,0.707,0.551,24.0,96.458,11.065,14.378,0.023200000000000002,0.020608,0
668372,136.47189305555554,-64.29833194444444,77.764,14.95,15.84,13.39,34.59,,0.9,0.41,0.97,159.5,14.23,13.0,,,12.232,11.452,11.202,0.6,-25.0,14.95,0.794,0.309,159.5,77.764,11.127,14.856,0.019920000000000004,0.022224,0
668378,157.94821194444444,-39.75908305555555,64.278,14.7,15.12,13.14,34.17,,1.15,0.65,1.17,138.9,14.16,12.95,,,12.149,11.343,11.028,0.3,-45.0,14.7,0.975,0.205,138.9,64.278,10.992,14.492,0.016110000000000003,0.022059,0
668380,157.74372888888888,25.999114999999996,85.694,16.03,16.12,14.35,34.77,,0.79,0.34,,111.3,15.97,14.31,,,13.004,12.273,11.949,0.5,-75.0,16.03,0.617,0.282,111.3,85.694,11.941,15.379,0.020070000000000005,0.029013,0
668402,307.56365999999997,-34.81206888888889,80.431,13.91,14.9,12.85,34.57,,1.08,0.52,1.08,34.2,13.9,12.76,,,11.58,10.781,10.45,0.4,40.0,13.91,0.775,0.232,34.2,80.431,10.434,14.561,0.019530000000000002,0.019706,0
668406,40.105045,-5.4403380555555545,97.931,13.95,14.18,11.83,35.03,,1.14,0.1,1.15,47.3,13.95,11.77,,,11.082,10.399,10.119,0.8,45.0,13.95,1.2,0.912,47.3,97.931,10.108,13.767,0.023600000000000003,0.019198,0
668407,182.8216711111111,32.593983055555555,98.417,15.29,15.8,14.45,35.07,,0.87,0.26,0.86,63.6,15.27,14.42,,,13.245,12.639,12.342,0.6,75.0,15.29,0.741,0.408,63.6,98.417,12.336,14.796,0.023240000000000004,0.024812,0
668408,149.3741761111111,8.124588888888887,88.861,15.24,15.4,13.76,34.9,,0.76,0.23,,144.9,15.18,13.69,,,12.292,11.59,11.324,0.6,-35.0,15.24,0.573,,144.9,88.861,11.311,15.264,0.021710000000000004,0.022118,0
668413,169.44618194444442,75.15622694444444,93.903,15.76,15.66,,35.02,,0.94,0.64,,50.3,15.35,,,,12.916,11.987,11.57,0.2,50.0,15.76,0.63,0.145,50.5,93.903,11.549,15.369,0.022110000000000005,0.030297,0
668435,28.60130111111111,4.803853888888888,74.125,14.67,14.95,,34.39,,1.2,0.53,1.2,96.5,14.67,,,,12.139,11.442,11.158,0.5,-80.0,14.67,1.173,0.399,96.5,74.125,11.14,14.443,0.01734,0.02619,0
668441,344.50753805555553,-33.74220999999999,21.281,12.07,12.33,10.35,31.81,31.8,1.48,0.41,1.47,140.0,11.66,10.32,0.07,0.69,9.348,8.652,8.38,0.4,-40.0,12.07,1.656,0.596,140.0,21.281,8.374,15.719,0.005530000000000001,0.009017,0
668450,197.7353819444444,11.47743611111111,46.292,14.17,14.52,13.18,33.52,,1.15,0.14,1.15,87.1,14.14,13.13,,,12.884,12.21,11.974,0.4,-75.0,14.17,1.12,0.874,87.1,46.292,11.965,14.497,0.011230000000000002,0.013578,0
668464,158.8234711111111,29.447576944444442,89.5,16.58,16.95,15.61,34.87,,0.54,0.14,0.54,21.5,16.58,15.57,,,14.502,13.84,13.548,0.6,30.0,16.58,0.347,0.251,21.5,89.5,13.541,16.479,0.02108,0.035344,0
668485,72.78102888888888,-3.651766944444444,62.139,15.84,16.06,13.76,34.07,,0.87,0.31,0.87,165.6,15.84,13.7,,,13.145,12.505,12.169,0.6,-10.0,15.84,0.741,0.363,165.6,62.139,12.157,15.505,0.015270000000000002,0.018835,0
668502,47.7339711111111,41.13709305555555,66.736,14.68,15.33,,34.24,,1.02,0.14,1.07,108.5,14.68,,,,11.511,10.781,10.538,0.7,-85.0,14.68,0.759,0.546,108.5,66.736,10.489,13.997,0.01572,0.020253,0
668504,20.280906944444443,-26.725946111111107,80.986,13.68,13.82,11.69,34.6,,1.23,0.36,1.23,111.5,13.68,11.66,0.5,0.9,10.819,10.129,9.877,0.5,-65.0,13.68,1.286,0.514,111.5,80.986,9.872,13.54,0.019520000000000003,0.017604,0
668512,46.71659499999999,42.523089999999996,75.764,14.37,15.28,,34.51,,1.09,0.16,1.19,179.0,14.29,,,,11.422,10.715,10.403,0.8,-45.0,14.37,0.889,0.613,179.0,75.764,10.324,13.815,0.01786,0.019015,0
668521,178.09596305555553,-5.673611111111111,77.444,15.19,15.31,13.22,34.59,,1.12,0.63,1.11,129.7,14.13,13.17,,,12.255,11.47,11.094,0.3,-45.0,15.19,0.512,,129.5,77.444,11.083,15.182,0.019030000000000002,0.031951,0
668596,158.56042499999998,13.308213888888886,94.681,16.48,16.6,15.37,34.99,,0.9,0.39,,146.4,16.41,15.32,,,14.372,13.727,13.393,0.7,-40.0,16.48,0.794,0.323,146.4,94.681,13.383,16.427,0.022570000000000003,0.028088,0
668602,258.33807388888886,-9.964909999999998,99.569,15.33,17.76,14.47,35.12,,0.81,0.39,,90.0,15.26,13.4,,,13.132,12.3,11.878,0.6,-80.0,15.33,0.467,0.191,90.0,99.569,11.673,15.675,0.024060000000000005,0.060456,0
668606,344.3147280555555,-10.949903888888887,99.639,14.9,15.19,13.3,35.09,,0.99,0.22,0.99,63.2,14.9,13.22,,,12.618,12.048,11.659,0.7,80.0,14.9,0.977,0.589,63.2,99.639,11.644,14.708,0.024110000000000003,0.022761,0
668626,21.381144999999997,32.13627194444444,66.667,13.63,14.37,12.15,34.21,,1.2,0.55,1.2,31.0,13.63,12.04,0.09,0.79,11.108,10.376,10.062,0.4,30.0,13.63,1.582,0.475,31.0,66.667,10.04,13.872,0.015540000000000002,0.020072,0
668650,140.95002694444443,2.112878055555555,98.0,15.07,15.49,14.54,35.09,,0.88,0.11,0.89,,15.07,14.46,,,13.508,12.785,12.377,0.6,-65.0,15.07,0.63,0.63,,98.0,12.361,15.09,0.024040000000000002,0.028867,0
668662,194.05487111111108,-11.524386944444442,57.361,16.45,16.68,14.9,33.91,,0.77,0.34,,37.0,16.41,14.8,,,14.299,13.682,13.35,0.5,45.0,16.45,0.589,0.269,37.0,57.361,13.331,16.187,,0.042434,0
668667,110.02696999999999,53.01015111111111,83.111,14.28,14.88,13.23,34.75,,1.05,0.14,1.07,94.6,14.29,13.08,,,13.053,12.368,12.18,0.4,80.0,14.28,0.757,0.674,94.6,83.111,12.152,14.815,,0.032805,0
668699,180.70176694444442,21.145528888888887,99.139,16.0,16.14,14.72,35.08,,0.94,0.66,0.92,21.7,14.92,14.67,,,13.213,12.42,12.064,0.4,20.0,16.0,0.871,0.191,20.4,99.139,12.055,15.795,0.023390000000000005,0.049258,0
668703,8.39962111111111,23.39778694444444,73.139,14.81,15.53,13.95,34.42,,0.91,0.34,0.91,129.8,14.81,13.89,,,13.457,12.808,12.541,0.4,-25.0,14.81,0.813,0.372,129.8,73.139,12.53,14.83,,0.023914,0
668707,348.7180480555555,-37.855461111111104,34.778,14.38,14.38,,32.91,,0.93,0.12,0.93,156.8,14.16,,,,12.504,11.82,11.604,0.7,-10.0,14.38,0.587,0.434,156.8,34.778,11.598,14.175,0.009420000000000001,0.017773,0
668708,70.61163305555554,-13.95903111111111,54.944,15.06,15.9,14.43,33.8,,0.8,0.3,0.86,172.0,15.06,14.08,,,13.376,12.815,12.425,0.5,-15.0,15.06,0.631,0.316,172.0,54.944,12.36,15.058,0.013600000000000003,0.025784,0
668718,141.36750805555553,-6.07851111111111,88.264,14.85,15.09,12.54,34.83,,0.94,0.33,0.94,67.0,14.85,12.48,,,11.658,10.959,10.737,0.6,65.0,14.85,0.871,0.408,67.0,88.264,10.725,14.713,0.021340000000000005,0.021081,0
668732,214.59445194444442,-28.23714805555555,96.569,15.13,15.37,13.16,35.0,,1.02,0.35,1.03,35.7,14.65,13.05,,,12.195,11.468,11.124,0.7,25.0,15.13,1.047,0.468,35.7,96.569,11.104,15.011,0.023220000000000005,0.030345,0
668764,347.23171999999994,-30.85789694444444,26.303,14.04,14.83,12.98,31.7,32.1,1.27,0.76,1.25,149.6,13.65,12.93,,,12.185,11.482,11.169,0.2,-30.0,14.04,1.41,0.183,149.6,26.303,11.159,14.425,0.005380000000000001,0.027864,0
668776,166.660645,53.367011944444435,89.819,14.84,15.0,13.36,34.92,,1.05,0.26,1.04,179.2,14.53,13.34,,,11.747,10.913,10.485,0.2,0.0,14.84,0.793,0.174,179.2,89.819,10.481,14.62,0.021360000000000004,0.021569,0
668792,107.92787888888887,72.16920499999999,42.167,14.76,15.04,,33.3,,1.24,0.0,1.27,,14.76,,,,14.353,13.838,13.547,0.7,-40.0,14.76,1.316,1.316,,42.167,13.525,15.345,,0.016017,0
668829,349.81512499999997,-22.650554999999997,81.458,14.37,14.47,12.96,34.65,,1.02,0.38,1.02,80.8,13.81,12.9,,,12.513,11.921,11.642,0.7,-85.0,14.37,1.072,0.447,80.8,81.458,11.632,14.003,0.019930000000000003,0.018832,0
668830,35.375721111111105,15.761643055555554,55.819,14.2,15.04,,33.82,,0.97,0.12,1.03,90.0,14.21,,,,12.098,11.391,11.066,0.9,-5.0,14.2,0.601,0.475,90.0,55.819,11.001,14.302,0.013330000000000002,0.016022,0
668834,49.19104805555555,40.330054999999994,76.014,15.14,16.51,14.3,34.34,,0.9,0.48,0.96,174.1,15.31,13.94,,,12.508,11.628,11.253,0.4,0.0,15.14,0.465,,179.0,76.014,11.184,15.121,0.016430000000000004,0.029531,0
668837,193.86109888888888,-20.892786111111107,97.778,15.73,16.11,14.36,35.05,,0.89,0.65,,86.4,15.66,14.19,,,13.048,12.232,11.994,0.3,-85.0,15.73,0.776,0.174,86.4,97.778,11.962,15.432,0.023700000000000002,0.035188,0
668839,16.835874999999998,-36.755198888888884,54.417,14.46,14.66,13.06,33.71,,0.92,0.23,0.92,17.4,14.27,13.04,,,12.412,11.739,11.415,0.6,0.0,14.46,0.575,0.345,17.4,54.417,11.41,14.806,0.013220000000000003,0.029103,0
668868,188.53686499999998,-0.3552511111111111,92.611,14.41,14.88,13.38,34.98,,0.95,0.23,0.96,50.9,14.4,13.33,,,12.568,11.909,11.625,0.7,-75.0,14.41,0.723,0.658,50.9,92.611,11.615,14.385,0.022500000000000003,0.020262,0
668871,12.147623888888887,-12.716601944444443,89.569,13.79,13.98,13.09,34.81,,0.91,0.41,0.9,8.5,13.78,13.04,,,12.736,12.182,11.947,0.8,30.0,13.79,0.536,0.386,8.5,89.569,11.938,14.188,0.021090000000000005,0.010395,0
668884,182.59223888888886,-32.513083888888886,90.569,15.51,15.82,14.58,34.9,,0.83,0.34,,161.0,15.44,14.44,,,14.132,13.51,13.333,0.7,-15.0,15.51,0.676,0.309,161.0,90.569,13.306,15.339,,0.025527,0
668918,181.31140111111108,38.23546194444444,98.403,14.71,15.07,,35.12,,1.0,0.15,1.0,155.7,14.71,,,,11.993,11.302,11.053,0.6,15.0,14.71,0.675,0.499,155.7,98.403,11.046,18.025,0.023550000000000005,0.025447,0
668935,226.13195805555551,17.315213888888888,87.917,14.39,14.54,13.41,34.85,,1.04,0.13,1.05,110.2,14.14,13.35,,,12.418,11.693,11.393,0.4,70.0,14.39,0.63,0.63,110.2,87.917,11.381,14.312,0.020930000000000004,0.021207,0
668937,188.43749999999997,10.995709999999999,17.722,13.93,14.2,16.93,31.32,,1.21,0.46,1.2,124.8,13.93,16.87,0.3,0.74,11.455,10.807,10.594,0.3,-55.0,13.93,1.12,0.392,124.8,17.722,10.583,13.669,0.00404,0.006047,0
668972,268.09509305555554,-74.16474888888888,64.167,14.58,14.89,13.46,34.13,,1.16,0.7,1.16,0.2,13.49,13.32,,,13.309,12.75,12.062,0.3,15.0,14.58,1.445,0.289,0.2,64.167,12.036,16.817,0.01624,0.077617,0
668995,159.31469694444442,-41.62764388888888,34.674,11.9,12.33,11.0,32.87,32.68,1.4,0.27,1.42,82.3,11.56,10.85,-0.12,0.45,10.071,9.413,9.101,0.6,90.0,11.9,1.657,0.862,82.3,34.674,9.073,11.912,0.009460000000000001,0.005067,0
669033,303.73443611111105,-20.01438305555555,66.75,16.11,16.54,14.74,34.23,,0.67,0.31,,5.0,16.06,14.56,,,13.704,13.056,12.679,0.6,-5.0,16.11,0.468,0.229,5.0,66.75,12.643,15.706,0.016170000000000004,0.051058,0
669045,28.670823888888886,6.034924999999999,72.431,14.27,15.59,14.02,34.4,,1.06,0.61,1.06,37.2,14.28,13.91,,,13.014,12.201,11.89,0.2,35.0,14.27,1.148,0.281,37.6,72.431,11.869,15.538,,0.051936,0
669049,120.49374388888887,15.058703888888887,67.417,15.12,15.28,13.86,34.24,,0.91,0.09,0.93,76.5,15.07,13.8,,,12.69,12.017,11.744,0.6,90.0,15.12,0.813,0.661,76.5,67.417,11.732,14.632,0.016040000000000002,0.022895,0
669105,304.51348888888884,-45.51922999999999,70.931,14.49,14.64,12.76,34.3,,0.94,0.05,,146.6,14.44,12.69,,,12.064,11.372,11.184,0.8,-30.0,14.49,0.601,0.511,146.6,70.931,11.171,14.566,0.017390000000000003,0.014394,0
669114,57.003116944444436,33.11158388888889,64.056,11.81,15.23,,33.99,,0.97,0.2,1.48,140.0,11.92,,,,10.384,9.448,9.063,0.5,-50.0,11.81,0.675,0.425,140.0,64.056,8.789,12.941,0.014090000000000002,0.013823,0
669133,195.55355805555553,-14.969881111111109,66.264,13.47,13.85,12.04,34.21,,1.25,0.12,1.27,58.2,13.46,11.94,,,11.091,10.393,10.099,0.9,60.0,13.47,0.998,0.828,58.2,66.264,10.079,13.541,0.016540000000000003,0.014974,0
669168,20.992173888888885,-35.11514305555555,79.306,13.76,14.07,,34.54,,1.25,0.62,1.24,15.0,13.66,,,,10.755,10.037,9.791,0.3,15.0,13.76,1.228,0.282,15.0,79.306,9.781,13.723,0.019340000000000003,0.017752,0
669171,300.8974911111111,-21.806561944444443,80.681,14.83,15.61,13.87,34.65,,0.83,0.03,,,14.77,13.53,,,12.928,12.25,12.079,0.9,-25.0,14.83,0.676,0.631,,80.681,12.013,14.61,0.019530000000000002,0.018964,0
669174,76.24190499999999,-81.31069888888888,65.556,13.76,14.27,12.04,34.13,,1.13,0.35,1.17,3.7,13.77,11.86,0.33,0.88,11.074,10.33,10.031,0.5,5.0,13.76,1.022,0.439,3.7,65.556,9.995,13.909,0.016360000000000003,0.018034,0
669178,176.02264388888887,19.996208055555552,87.944,14.84,15.02,13.57,34.62,,0.98,0.31,0.97,127.2,14.82,13.53,0.36,0.86,12.03,11.366,11.077,0.7,-60.0,14.84,0.575,0.259,127.2,87.944,11.069,14.852,0.018840000000000003,0.026769,0
669184,326.0560611111111,46.621379999999995,49.333,12.71,14.99,,33.56,,1.08,0.35,1.23,27.5,12.71,,,,12.515,11.836,11.533,0.6,80.0,12.71,1.095,0.602,27.5,49.333,11.385,14.091,0.010920000000000001,0.020791,0
669194,175.99249305555554,20.185376944444442,88.958,14.93,15.62,14.66,34.88,,0.89,0.35,0.88,169.0,14.93,14.62,,,13.826,13.244,12.912,0.6,-40.0,14.93,0.456,0.315,169.0,88.958,12.904,15.243,0.021260000000000005,0.028863,0
669196,62.2496761111111,-48.727081111111104,53.5,12.89,14.61,13.11,33.71,,1.42,1.03,1.39,59.4,12.9,13.07,,,12.065,11.169,10.812,0.1,60.0,12.89,1.816,0.236,59.4,53.5,10.804,14.256,0.013570000000000002,0.024955,0
669223,273.6103519444444,10.005533055555555,85.403,14.35,15.17,,34.77,,1.0,0.26,1.07,60.5,14.35,,,,11.174,10.463,10.212,0.5,55.0,14.35,0.89,0.739,60.5,85.403,10.149,14.632,0.02015,0.016062,0
669233,334.0622561111111,-27.402781111111107,78.042,13.95,14.08,11.64,34.47,,1.14,0.2,1.15,68.1,13.9,11.6,,,10.844,10.144,9.874,0.5,65.0,13.95,0.911,0.474,68.1,78.042,9.865,14.061,0.018570000000000003,0.018185,0
669254,26.304309999999997,25.792508888888886,48.069,15.43,15.87,,33.52,,0.76,0.33,0.79,26.0,14.86,,,,14.263,13.622,13.356,0.4,40.0,15.43,0.519,,26.0,48.069,13.319,15.413,,0.014456,0
669275,215.48234611111107,34.80544305555555,46.708,14.96,15.67,14.51,33.44,,0.96,0.45,0.95,22.3,14.87,14.46,,,13.468,12.819,12.643,0.5,25.0,14.96,0.912,0.324,22.3,46.708,12.635,15.137,0.010450000000000001,0.02173,0
669294,194.94712805555554,21.81307611111111,98.444,15.08,15.2,13.42,35.13,,0.98,0.24,0.98,136.1,14.7,13.36,,,11.925,11.172,10.864,0.8,-75.0,15.08,0.63,0.258,136.1,98.444,10.853,14.58,0.023850000000000003,0.024311,0
669300,69.32262388888888,-62.583363055555544,86.569,13.92,14.12,11.95,34.74,,1.23,0.48,1.22,121.9,13.92,11.9,,,11.083,10.372,10.118,0.3,-60.0,13.92,1.173,0.364,121.9,86.569,10.109,13.805,0.021240000000000002,0.018648,0
669302,48.77784305555555,-33.73028194444444,61.472,14.62,15.03,,33.99,,0.97,0.25,0.96,55.0,14.52,,,,12.613,11.924,11.659,0.4,70.0,14.62,0.707,0.438,55.0,61.472,11.651,14.691,0.015200000000000002,0.022926,0
669326,230.84216305555552,12.692558888888888,91.542,15.36,15.54,14.94,34.91,,0.74,0.0,,,15.3,14.86,,,13.794,13.178,12.936,0.8,30.0,15.36,0.55,0.55,,91.542,12.921,15.898,0.021790000000000004,0.029204,0
669335,210.48614499999996,9.533558888888887,79.625,15.42,15.56,14.12,34.6,,0.88,0.29,,39.7,15.37,14.06,,,12.665,11.995,11.791,0.5,45.0,15.42,0.759,0.389,39.7,79.625,11.779,15.397,0.018930000000000002,0.026656,0
669342,24.09892694444444,-46.738524999999996,93.208,15.36,15.32,13.45,34.81,,0.92,0.31,0.92,141.0,14.69,13.42,,,12.649,11.969,11.759,0.7,-45.0,15.36,0.52,,141.0,93.208,11.753,15.108,0.021700000000000004,0.030489,0
669372,151.3956911111111,3.0536499999999998,96.444,15.45,15.55,14.46,35.08,,0.88,0.23,,97.0,15.38,14.41,,,13.491,12.852,12.534,0.7,-60.0,15.45,0.456,0.301,97.0,96.444,12.525,15.045,0.023650000000000004,0.023443,0
669374,20.31551194444444,3.862248055555555,74.431,14.85,15.19,,34.4,,0.96,0.1,0.97,128.0,14.85,,,,13.179,12.426,12.256,0.9,-70.0,14.85,0.775,0.643,128.0,74.431,12.243,14.203,,0.01439,0
669376,158.49658194444442,-30.16789194444444,45.639,13.48,14.83,12.73,33.44,,1.26,0.72,1.26,82.9,13.49,12.62,,,11.504,10.616,10.234,0.2,85.0,13.48,1.2,0.204,82.4,45.639,10.212,16.615,0.011570000000000002,0.020262,0
669379,195.28767388888886,28.359783055555553,97.236,16.14,16.29,14.74,35.04,,0.72,0.16,0.72,142.4,16.14,14.72,,,13.634,12.883,12.645,0.6,-35.0,16.14,0.525,0.363,142.4,97.236,12.642,15.935,0.023010000000000003,0.034501,0
669389,9.64270611111111,-9.11282,52.208,15.46,15.6,13.91,34.71,,0.79,0.02,,,15.4,13.85,,,12.496,11.813,11.574,0.9,0.0,15.46,1.051,,,52.208,11.562,15.225,0.020190000000000003,0.020747,0
669395,176.64347805555553,19.110168055555555,88.653,14.99,15.1,13.44,34.81,,0.95,0.15,0.95,112.0,14.89,13.39,,,11.907,11.182,10.869,0.5,-75.0,14.99,0.213,0.162,112.0,88.653,10.859,15.076,0.020390000000000002,0.025704,0
669401,336.3763730555555,-17.243373888888886,32.167,13.37,13.58,,32.87,,1.15,0.09,1.17,87.1,13.37,,0.39,0.77,10.808,10.15,9.907,1.0,55.0,13.37,1.12,0.93,87.1,32.167,9.892,13.525,0.008560000000000002,0.014648,0
669405,145.70451388888887,-6.7412849999999995,79.736,14.07,15.15,13.23,34.65,,1.19,0.68,1.17,177.2,14.07,13.17,,,12.243,11.398,10.998,0.2,-5.0,14.07,1.582,0.285,178.0,79.736,10.986,14.736,0.019690000000000003,0.032077,0
669412,72.78545388888888,-6.05587,61.486,15.68,16.02,13.6,34.05,,0.82,0.3,0.83,119.3,15.68,13.48,,,12.923,12.179,12.004,0.6,-60.0,15.68,0.661,0.331,119.3,61.486,11.981,15.38,0.015150000000000002,0.016247,0
669451,181.17472805555553,1.602681111111111,85.139,16.86,16.96,15.39,34.75,,0.69,0.32,,95.4,16.8,15.35,,,14.281,13.651,13.257,0.4,-85.0,16.86,0.49,0.235,95.4,85.139,13.249,16.547,0.020300000000000002,0.056201,0
669467,185.18609611111108,-13.805258055555553,58.181,13.64,14.49,,33.97,,1.14,0.33,1.15,119.2,13.64,,,,13.29,12.622,12.321,0.4,-45.0,13.64,1.045,0.575,119.2,58.181,12.301,14.452,0.014430000000000002,0.015145,0
669472,21.400699999999997,34.73654888888888,68.944,16.41,16.69,14.15,34.3,,0.8,0.59,0.81,70.0,16.41,14.06,,,13.643,13.007,12.776,0.7,70.0,16.41,0.631,0.162,70.0,68.944,12.758,16.264,,0.022375,0
669506,205.56059305555553,-31.037106111111108,59.597,13.45,14.51,12.47,33.97,,1.25,0.51,1.26,58.4,13.45,12.36,,,11.606,10.882,10.666,0.4,60.0,13.45,1.778,0.549,58.4,59.597,10.645,14.491,0.014380000000000002,0.021368,0
669515,102.44865388888887,48.50196111111111,81.236,14.74,15.4,,34.69,,0.89,0.14,0.92,106.0,14.74,,,,13.272,12.566,12.295,0.6,-80.0,14.74,0.575,0.448,106.0,81.236,12.261,14.776,,0.020596,0
669524,208.3126069444444,-28.427543888888884,61.639,14.43,14.92,12.6,33.99,,1.07,0.39,1.08,135.5,14.42,12.48,,,11.729,11.036,10.767,0.5,-35.0,14.43,1.175,0.478,135.5,61.639,10.744,14.117,0.014770000000000002,0.02438,0
669525,43.497901944444436,41.793094999999994,74.819,16.03,16.49,,34.87,,0.87,0.45,,165.5,15.97,,,,13.239,12.558,12.255,0.6,-15.0,16.03,0.64,0.224,165.5,74.819,12.216,15.758,,0.018722,0
669527,21.759118888888885,33.95546305555555,59.819,15.25,15.85,14.3,33.95,,0.82,0.24,0.83,26.3,15.25,14.21,,,13.693,12.966,12.729,0.5,30.0,15.25,0.354,0.23,26.3,59.819,12.711,15.093,,0.02267,0
669534,218.65470888888885,-36.28589611111111,53.347,13.0,13.37,10.69,33.87,,1.25,0.14,1.29,94.8,13.0,10.55,,,10.034,9.367,9.12,0.8,90.0,13.0,1.257,0.855,94.8,53.347,9.094,13.059,0.014060000000000001,0.012757,0
669539,299.1825869444444,-31.475306111111106,75.917,13.86,14.75,12.55,34.52,,1.11,0.2,1.17,75.9,13.9,12.21,,,11.462,10.678,10.424,0.5,80.0,13.86,1.288,0.813,75.9,75.917,10.361,13.751,0.018740000000000003,0.019662,0
669551,225.6781011111111,-17.868043888888888,44.903,13.3,14.13,12.5,33.38,,0.99,0.28,1.02,16.8,13.3,12.32,,,12.106,11.518,11.296,0.6,-15.0,13.3,0.869,0.6,16.8,44.903,11.262,13.38,0.010980000000000002,0.012595,0
669570,335.37960805555554,-25.31248694444444,93.736,14.89,16.54,14.91,35.0,,1.08,0.91,1.05,107.1,14.92,14.87,,,14.571,13.792,13.272,0.2,-75.0,14.89,1.202,0.148,107.3,93.736,13.262,16.593,0.022900000000000004,0.061269,0
669572,58.39250194444444,-66.01812694444443,72.556,13.29,13.63,11.09,34.35,,1.14,0.07,1.18,131.3,13.29,10.97,,,10.146,9.436,9.171,0.8,-35.0,13.29,0.89,0.721,131.3,72.556,9.149,13.055,0.017900000000000003,0.013204,0
669578,126.01137499999999,-0.3720230555555555,69.431,15.56,15.75,14.45,34.37,,0.75,0.09,,133.0,15.51,14.36,,,13.748,13.097,12.797,0.8,-55.0,15.56,0.388,0.314,133.0,69.431,12.78,15.265,0.01734,0.020041,0
669587,339.2341311111111,38.54799694444444,75.083,12.88,13.53,,34.52,,1.23,0.03,1.32,,12.88,,,,10.318,9.592,9.302,0.9,70.0,12.88,1.316,1.224,,75.083,9.254,13.163,0.017730000000000003,0.015402,0
669589,191.42602499999998,-26.243721111111107,71.306,12.48,14.18,11.91,34.39,,1.4,0.89,1.39,129.7,12.5,11.76,,,10.721,10.004,9.669,0.2,-50.0,12.48,1.775,0.231,129.8,71.306,9.641,13.433,0.017540000000000004,0.021221,0
669614,75.67613194444444,-25.462623888888885,96.208,15.59,15.85,14.36,35.02,,0.83,0.27,0.84,30.7,15.59,14.29,,,13.943,13.199,13.059,0.6,-20.0,15.59,0.676,0.363,30.7,96.208,13.046,15.475,0.023770000000000003,0.023599,0
669628,286.1935419444444,-47.84873194444444,35.139,13.23,13.55,11.24,32.91,,1.07,0.29,1.1,18.5,13.23,11.12,,,10.504,9.82,9.565,0.4,15.0,13.23,0.83,0.465,18.5,35.139,9.541,13.827,0.009120000000000001,0.011032,0
669630,151.38290388888888,0.61115,84.972,16.3,16.65,14.75,34.75,,0.63,0.2,0.64,46.8,16.3,14.67,,,13.493,12.924,12.588,0.6,50.0,16.3,0.427,0.269,46.8,84.972,12.573,16.217,0.02049,0.046082,0
669641,32.66261305555555,41.518181111111105,75.931,15.0,15.33,,34.49,,0.94,0.57,0.95,110.0,14.5,,,,12.033,11.363,11.123,0.3,-75.0,15.0,0.629,0.164,110.0,75.931,11.095,14.738,0.01769,0.020921,0
669655,84.44827305555555,-22.87794305555555,22.236,15.44,15.59,14.25,31.86,,0.98,0.39,0.98,73.5,15.44,14.2,,,13.687,13.189,12.771,0.5,70.0,15.44,0.955,0.389,73.5,22.236,12.761,15.32,0.0059700000000000005,0.016219,0
669658,171.60328694444442,-36.25956305555555,39.375,14.02,14.51,13.98,33.07,,0.83,0.17,0.87,165.1,14.02,13.78,0.56,0.98,13.634,12.98,12.759,0.7,-15.0,14.02,0.676,0.457,165.1,39.375,12.72,14.984,0.010000000000000002,0.018763,0
669687,190.74348388888887,-40.45691694444444,37.736,14.99,15.54,13.47,33.01,,0.98,0.27,1.02,175.0,14.58,13.23,,,12.768,12.056,11.856,0.7,-25.0,14.99,0.955,0.513,175.0,37.736,11.809,14.794,,0.015286,0
669712,71.75400499999999,-2.1462838888888887,57.611,16.18,16.33,14.65,33.91,,0.87,0.36,,109.0,16.14,14.58,,,14.631,13.842,13.814,0.4,-75.0,16.18,0.741,0.324,109.0,57.611,13.801,15.899,,0.029878,0
669747,199.23055999999997,-17.94494111111111,34.167,15.05,15.44,13.79,32.8,,0.98,0.31,1.0,49.5,15.05,13.64,,,13.01,12.314,12.08,0.8,25.0,15.05,0.955,0.468,49.5,34.167,12.05,14.876,0.008300000000000002,0.013114,0
669751,273.5875238888889,10.10744611111111,84.931,14.67,15.48,,34.81,,0.79,0.04,0.9,,14.67,,,,11.718,11.014,10.728,0.8,-60.0,14.67,0.793,0.722,,84.931,10.667,14.823,0.020510000000000004,0.023158,0
669779,336.70199611111104,35.51868805555555,86.764,12.99,13.99,,34.78,,1.2,0.22,1.25,162.4,12.99,,,,10.774,10.081,9.742,0.6,-50.0,12.99,1.146,0.928,162.4,86.764,9.688,13.685,0.02006,0.0203,0
669792,23.166343888888886,-12.042778055555553,73.694,14.77,14.99,12.46,34.39,,0.88,0.06,0.89,86.5,14.78,12.42,,,11.634,11.014,10.704,0.6,-80.0,14.77,0.793,0.658,86.5,73.694,10.694,14.26,0.017660000000000002,0.025044,0
669794,246.0623469444444,-61.094868055555544,85.792,14.14,15.3,,34.74,,0.93,0.27,1.01,65.0,14.14,,,,11.346,10.626,10.312,0.6,55.0,14.14,0.571,0.32,65.0,85.792,10.23,14.326,0.021010000000000004,0.02291,0
669806,20.882188888888887,1.959836111111111,75.625,16.47,16.6,,34.24,,0.69,0.17,,7.5,16.42,,,,14.096,13.395,13.219,0.7,10.0,16.47,0.512,,7.5,75.625,13.208,16.33,,0.046477,0
669809,22.499394999999996,40.973793055555554,22.387,13.76,14.28,12.96,33.16,31.75,1.05,0.14,1.07,52.4,13.72,12.83,,,13.364,12.737,12.58,0.8,50.0,13.76,1.316,0.908,52.4,22.387,12.555,14.673,0.009360000000000002,0.014966,0
669823,11.584516944444443,-38.6818811111111,91.722,14.79,15.2,14.29,34.91,,0.89,0.22,0.89,179.5,14.71,14.26,,,13.831,13.218,13.018,0.5,-15.0,14.79,0.776,0.468,179.5,91.722,13.013,15.486,0.022840000000000003,0.013267,0
669853,144.7831569444444,34.006195,61.028,13.14,13.46,12.62,34.11,,1.22,0.1,1.23,149.2,13.14,12.57,,0.49,12.16,11.497,11.218,0.8,85.0,13.14,1.656,1.225,149.2,61.028,11.207,13.164,0.014720000000000002,0.010293,0
669859,139.63577305555555,35.001598055555554,98.028,15.6,15.66,14.16,35.07,,0.81,0.03,,,15.53,14.13,,,12.756,12.134,11.729,0.8,75.0,15.6,0.646,0.603,,98.028,11.724,15.552,0.023130000000000005,0.027508,0
669901,180.97997999999998,-29.624614999999995,28.0,14.88,15.23,14.07,32.34,,0.93,0.18,0.96,125.2,14.59,13.91,,,13.731,13.008,12.985,0.7,-45.0,14.88,0.851,0.563,125.2,28.0,12.955,14.837,0.007130000000000001,0.013645,0
669903,145.99691805555554,42.632728888888884,79.236,16.23,16.82,15.41,34.6,,0.72,0.35,0.71,86.9,16.17,15.38,,,14.427,13.699,13.484,0.6,85.0,16.23,0.525,0.235,86.9,79.236,13.478,16.334,0.018380000000000004,0.031008,0
669909,285.95483388888886,33.844653888888885,65.75,13.28,13.91,,34.19,,1.01,0.2,1.04,97.5,13.28,,,,11.27,10.545,10.237,0.5,-75.0,13.28,0.793,0.476,97.5,65.75,10.204,13.541,0.015090000000000003,0.01538,0
669938,16.304751944444444,-28.79791111111111,78.708,14.12,14.55,13.2,34.52,,0.95,0.17,0.96,50.4,14.11,13.15,,,12.742,12.116,11.881,0.6,25.0,14.12,0.645,0.426,50.4,78.708,11.87,14.25,0.019090000000000003,0.019439,0
669957,31.40540694444444,6.77198111111111,79.333,14.3,14.52,,34.57,,0.98,0.47,0.99,24.7,13.62,,,,12.083,11.403,11.047,0.3,25.0,14.3,0.74,0.259,24.5,79.333,11.029,13.929,0.01887,0.024298,0
669989,21.59406305555555,9.90997111111111,23.659,14.7,15.41,,32.62,,1.15,0.4,1.2,154.7,14.77,,,,12.435,11.707,11.393,0.5,-30.0,14.7,1.173,0.563,154.7,23.659,11.34,14.657,0.007590000000000001,0.013391,0
670000,344.4789119444444,-35.858036111111105,24.21,12.29,12.9,11.37,32.07,31.96,1.52,0.26,1.51,105.4,12.38,11.34,,,10.651,9.955,9.701,0.3,-75.0,12.29,2.184,0.415,104.9,24.21,9.696,12.672,0.006430000000000001,0.010368,0
670008,324.5331119444444,-42.60480888888888,75.417,14.96,15.11,12.98,34.49,,0.94,0.26,0.94,119.4,14.93,12.95,,,12.21,11.551,11.294,1.0,80.0,14.96,0.871,0.479,119.4,75.417,11.286,14.867,0.019010000000000003,0.025818,0
670009,295.91946388888886,56.10944388888888,52.347,12.19,12.95,10.25,33.73,,1.28,0.14,1.33,50.0,12.19,10.01,,0.65,9.314,8.556,8.262,0.8,45.0,12.19,1.695,1.203,50.0,52.347,8.216,11.863,0.011290000000000001,0.008217,0
670049,59.889061111111104,42.61657305555555,15.488,14.16,16.18,,34.52,,0.89,0.5,1.02,25.5,14.07,,,,11.938,11.235,10.858,0.5,60.0,14.16,0.629,0.34,25.5,15.488,10.7,14.501,0.018000000000000002,0.029403,0
670057,149.17745999999997,15.637881944444443,62.431,13.99,14.2,,34.13,,1.05,0.34,1.05,18.5,13.99,,,,12.934,12.324,12.014,0.4,20.0,13.99,0.793,0.397,18.5,62.431,12.003,14.267,,0.018646,0
670070,46.28509888888888,-13.005158055555555,64.014,14.34,16.23,13.91,34.13,,1.09,0.84,1.09,131.7,14.52,13.78,,,12.911,12.148,11.781,0.3,-50.0,14.34,1.23,0.178,132.2,64.014,11.754,15.315,0.015830000000000004,0.044195,0
670072,356.38827499999996,1.688701111111111,75.597,14.57,14.79,,34.44,,1.11,0.43,1.1,128.6,14.57,,,,11.657,10.952,10.733,0.4,-50.0,14.57,1.021,0.408,128.6,75.597,10.721,14.236,0.01776,0.015232,0
670074,74.84535194444443,-11.132258888888888,52.389,13.31,13.82,,33.69,,1.14,0.03,1.2,,13.31,,,,10.482,9.76,9.473,0.8,15.0,13.31,1.2,0.912,,52.389,9.435,13.122,0.012960000000000001,0.013282,0
670091,295.2990419444444,43.41298694444444,67.194,14.35,15.17,,34.24,,0.82,0.0,0.89,,14.35,,,,11.704,10.964,10.719,0.5,45.0,14.35,0.478,0.478,,67.194,10.651,14.068,0.015380000000000003,0.018397,0
670098,27.87464694444444,13.131758888888887,68.403,14.88,15.34,13.72,34.24,,0.92,0.1,0.95,137.1,14.77,13.56,,,13.912,13.269,12.985,0.5,-40.0,14.88,1.045,0.888,137.1,68.403,12.954,17.804,0.016130000000000002,0.026375,0
670140,202.75680499999999,37.56303,74.264,15.69,15.72,14.53,34.45,,0.71,0.04,,,15.63,14.52,,,13.22,12.566,12.253,0.9,20.0,15.69,0.513,0.468,,74.264,12.25,15.495,0.017320000000000002,0.033505,0
670162,113.1240161111111,-83.85154694444444,64.611,15.32,15.91,13.86,34.15,,0.8,0.19,,80.5,15.27,13.59,,,12.971,12.312,12.129,0.9,80.0,15.32,0.631,0.408,80.5,64.611,12.079,15.043,0.01648,0.011224,0
670175,149.44770805555552,10.027083888888887,88.222,15.56,15.75,14.53,34.85,,0.79,0.26,,163.4,15.5,14.45,,,13.207,12.465,12.166,0.7,-10.0,15.56,0.632,,163.4,88.222,12.15,15.445,0.021430000000000005,0.033297,0
670186,151.92594888888888,-35.18358194444444,60.472,14.45,14.92,,34.01,,0.94,0.05,0.98,168.5,14.35,,,,11.977,11.242,10.92,0.5,-25.0,14.45,0.871,0.776,168.5,60.472,10.88,14.482,0.015130000000000003,0.029616,0
670189,194.75752305555554,28.225259999999995,97.097,14.81,15.19,13.67,35.39,,0.98,0.33,0.97,115.9,15.02,13.65,,,12.2,11.427,11.166,0.5,-65.0,14.81,0.426,0.247,116.8,97.097,11.162,15.164,0.026750000000000003,0.030228,0
670228,148.69572388888886,-39.478118888888886,93.597,15.59,16.43,14.58,34.96,,0.61,0.06,,136.8,15.52,14.21,,,13.929,13.183,12.896,0.7,80.0,15.59,0.407,0.354,136.8,93.597,12.824,15.156,0.023150000000000004,0.026918,0
670231,303.69155888888884,-51.676429999999996,73.056,15.47,15.71,13.52,34.37,,0.88,0.29,,96.7,15.41,13.42,,,12.545,11.829,11.556,0.7,70.0,15.47,0.489,0.244,96.7,73.056,11.536,15.321,0.017700000000000004,0.038973,0
670234,269.9424130555555,36.67572,24.278,15.27,15.44,,31.97,,0.86,0.25,0.87,29.0,15.07,,,,13.803,13.222,12.873,0.6,25.0,15.27,0.561,0.325,29.0,24.278,12.859,14.683,,0.010864,0
670252,187.34806805555553,12.450561944444443,16.904,15.68,15.46,14.53,29.52,31.12,0.79,0.1,0.81,13.9,15.35,14.48,0.45,,14.58,13.895,13.62,0.6,30.0,15.68,0.617,0.49,13.9,16.904,13.612,15.895,0.0016700000000000003,0.019801,0
670267,54.662926111111105,-5.347368055555555,68.333,13.74,14.91,13.44,33.84,,1.16,0.52,1.16,80.1,13.76,13.34,,,12.213,11.537,11.273,0.3,75.0,13.74,0.975,0.283,80.1,68.333,11.255,14.17,0.013790000000000002,0.016518,0
670278,191.53735388888887,-41.060958888888884,34.083,15.91,16.43,14.49,32.77,,0.91,0.45,0.94,137.2,15.26,14.26,,,14.329,13.547,13.379,0.6,-35.0,15.91,0.813,0.289,137.2,34.083,13.335,15.669,,0.024382,0
670283,305.12292499999995,-0.6729738888888888,78.583,14.55,15.05,12.59,34.54,,0.89,0.29,0.92,63.0,14.38,12.4,,,11.604,10.904,10.638,0.7,70.0,14.55,0.692,,63.0,78.583,10.602,14.456,0.018370000000000004,0.016462,0
670299,65.36560805555554,5.927523888888888,69.264,15.85,16.9,,34.3,,0.75,0.4,0.84,113.5,15.15,,,,13.678,12.91,12.451,0.4,-65.0,15.85,0.562,0.224,113.5,69.264,12.363,15.522,,0.036928,0
670347,159.1601411111111,14.171541944444442,40.365,13.1,13.37,11.93,33.25,,1.18,0.29,1.19,172.0,13.16,11.85,,,10.437,9.752,9.489,0.6,-5.0,13.1,1.286,0.669,172.0,40.365,9.475,13.001,0.010060000000000001,0.013931,0
670365,280.83044388888885,-62.11234999999999,62.028,13.52,14.09,11.9,33.99,,1.03,0.28,1.08,5.6,13.52,11.68,,,11.012,10.303,10.004,0.4,5.0,13.52,0.74,0.466,5.6,62.028,9.963,13.827,0.015200000000000002,0.015989,0
670366,227.02848805555553,52.32440194444444,50.222,15.12,15.2,13.9,33.66,,0.92,0.35,,179.8,15.07,13.86,,,12.539,11.866,11.541,0.5,-10.0,15.12,0.562,0.253,179.8,50.222,11.533,15.166,0.011490000000000002,0.017815,0
670388,279.4222411111111,37.36245305555555,82.306,14.85,15.1,,34.69,,0.91,0.36,,132.5,14.79,,,,12.921,12.251,11.825,0.3,-45.0,14.85,0.66,,132.5,82.306,11.803,14.369,,0.02127,0
670389,145.92123388888888,-20.47715194444444,29.923,12.47,12.74,10.46,32.21,,1.38,0.31,1.39,86.4,12.45,10.34,0.47,0.86,9.592,8.889,8.63,0.6,50.0,12.47,1.816,1.053,86.4,29.923,8.608,12.422,0.006650000000000001,0.010246,0
670397,268.1115111111111,7.488876944444444,87.181,15.78,16.45,,34.83,,0.67,0.28,0.73,58.0,15.27,,,,12.679,11.821,11.429,0.4,60.0,15.78,0.34,0.177,58.0,87.181,11.372,15.128,0.02074,0.029565,0
670406,38.598323888888885,45.00277305555555,72.792,14.44,15.05,,34.42,,0.92,0.04,0.96,,14.44,,,,12.529,11.866,11.523,0.6,75.0,14.44,0.66,0.587,,72.792,11.48,14.182,0.017040000000000003,0.018431,0
670410,177.75462305555553,20.399195,88.792,14.12,14.45,12.81,34.91,,1.11,0.04,1.13,,14.12,12.72,0.11,0.54,12.218,11.509,11.227,0.7,-45.0,14.12,0.998,0.888,,88.792,11.209,14.023,0.021540000000000004,0.018331,0
670420,301.15472388888884,-50.31018388888888,76.597,14.68,14.93,12.97,36.1,,1.02,0.19,1.02,153.4,14.51,12.89,,,11.997,11.238,10.899,0.8,-20.0,14.68,0.644,0.386,153.4,76.597,10.882,14.69,0.03824,0.031357,0
670423,138.420425,33.325019999999995,48.833,15.87,15.94,14.7,33.54,,0.83,0.34,0.83,118.3,15.28,14.66,,,14.193,13.437,13.339,0.6,-60.0,15.87,0.676,0.309,118.3,48.833,13.332,15.263,0.011330000000000002,0.012529,0
670430,155.31552111111108,25.44290694444444,85.458,16.99,17.09,15.55,34.77,,0.69,0.27,,41.6,16.93,15.5,,,14.272,13.648,13.312,0.5,40.0,16.99,0.49,0.263,41.6,85.458,13.304,16.56,0.020190000000000003,0.044863,0
670433,160.27014194444442,-46.69149805555555,82.958,16.04,16.68,15.22,34.69,,0.73,0.41,,131.7,15.97,14.94,,,14.301,13.58,13.369,0.5,-55.0,16.04,0.537,0.209,131.7,82.958,13.315,16.343,,0.036208,0
670438,311.76379388888887,0.4368569444444444,53.556,15.77,16.77,15.21,33.73,,0.77,0.19,0.8,85.0,16.29,15.03,,,13.741,13.057,12.892,0.6,85.0,15.77,0.589,0.38,85.0,53.556,12.857,15.326,0.012570000000000001,0.013497,0
670450,42.39966194444444,-30.578038888888884,15.028,13.96,14.02,12.33,30.95,,0.92,0.01,0.93,,13.89,12.29,,,11.662,11.043,10.817,0.8,-85.0,13.96,0.588,0.576,,15.028,10.809,13.643,0.004240000000000001,0.012624,0
670458,113.37792999999999,-65.39463805555555,87.111,14.24,14.83,12.99,34.81,,1.02,0.56,1.05,119.8,13.38,12.73,,,11.899,11.129,10.778,0.6,-70.0,14.24,0.675,0.27,119.7,87.111,10.728,15.03,0.021970000000000003,0.024955,0
670462,3.067011944444444,29.14231111111111,95.069,16.36,16.53,,34.98,,0.67,0.14,,,16.3,,,,14.168,13.571,13.133,0.9,25.0,16.36,0.338,0.243,,95.069,13.119,16.753,,0.085901,0
670464,198.42803999999998,-40.04071,43.486,15.58,16.1,,33.3,,0.99,0.55,1.01,120.5,14.7,,,,13.557,13.003,12.604,0.3,-65.0,15.58,0.977,0.276,120.7,43.486,12.559,15.339,0.010940000000000002,0.027619,0
670480,138.82063305555553,11.88564611111111,67.389,13.15,14.14,12.47,34.3,34.56,1.28,0.79,1.27,87.2,13.16,12.41,,,11.059,10.344,10.042,0.3,90.0,13.15,1.346,0.404,88.0,67.389,10.031,13.45,0.016530000000000003,0.019411,0
670496,121.5454711111111,73.32993305555554,75.486,15.16,15.73,,34.49,,0.87,0.25,0.87,114.0,15.16,,,,14.092,13.481,13.242,0.5,-65.0,15.16,0.741,0.416,114.0,75.486,13.229,14.875,,0.01895,0
670498,135.03884888888888,-18.901738888888886,27.028,14.67,15.48,13.66,32.66,,0.99,0.5,1.04,46.4,14.67,13.33,,,13.002,12.261,12.045,0.5,45.0,14.67,0.659,0.198,46.4,27.028,11.98,14.669,0.008260000000000002,0.017082,0
670529,188.91111805555553,-0.20600611111111108,95.431,14.86,16.27,14.82,35.0,,0.99,0.69,0.97,42.5,14.99,14.78,,,13.688,12.938,12.541,0.2,45.0,14.86,0.977,0.199,42.5,95.431,12.533,15.845,0.022800000000000004,0.053022,0
670535,165.45445305555555,24.19750194444444,90.528,16.61,16.67,15.62,34.88,,0.77,0.45,,154.0,16.54,15.59,,,14.776,14.149,13.858,0.4,-25.0,16.61,0.589,0.209,154.0,90.528,13.852,15.878,0.021290000000000003,0.028442,0
670542,145.12931805555553,-8.94360111111111,28.569,13.61,13.96,13.21,32.3,,1.27,0.08,1.29,118.8,13.61,13.12,,,13.33,12.74,12.438,0.6,-45.0,13.61,1.442,1.168,118.8,28.569,12.421,14.214,0.006890000000000001,0.008108,0
670552,215.76028388888886,-34.29185888888888,52.903,13.51,14.02,11.6,33.73,,1.15,0.08,1.21,86.0,13.51,11.4,0.46,0.85,10.897,10.181,9.966,0.8,-80.0,13.51,0.975,0.722,86.0,52.903,9.927,13.569,0.013120000000000001,0.013026,0
670554,353.49316388888883,44.68006111111111,65.931,14.52,15.21,,34.19,,0.99,0.14,1.02,150.5,14.52,,,,12.22,11.571,11.257,0.9,-70.0,14.52,0.811,0.77,150.5,65.931,11.22,13.944,0.015150000000000002,0.013845,0
670559,208.27433805555552,-28.799489999999995,69.931,15.22,15.5,13.13,34.34,,0.91,0.12,,165.0,15.17,13.0,,,12.515,11.796,11.551,0.6,-10.0,15.22,0.813,0.617,165.0,69.931,11.527,14.892,0.017040000000000003,0.022226,0
670572,117.54105388888887,48.47907305555555,95.583,16.39,16.63,15.09,35.0,,0.65,0.24,,55.7,16.33,14.98,,,13.78,13.054,12.712,0.5,55.0,16.39,0.447,0.257,55.7,95.583,12.692,16.294,0.022400000000000003,0.023998,0
670599,53.484801944444435,9.267508888888887,77.139,14.39,16.7,,34.54,,0.67,0.18,0.85,157.5,14.39,,,,13.51,12.694,12.319,0.3,-25.0,14.39,0.511,,157.5,77.139,12.153,14.533,,0.026457,0
670602,173.08999611111108,0.8040399999999999,81.403,13.55,13.79,12.1,34.68,,1.03,0.04,1.04,,13.56,12.04,-0.07,0.68,11.018,10.37,10.034,1.0,-55.0,13.55,0.889,0.827,,81.403,10.023,13.662,0.019840000000000003,0.016756,0
670605,21.760011944444443,-10.265284999999999,96.25,14.72,14.99,13.15,35.02,,1.08,0.43,1.08,128.4,14.72,13.08,,,11.671,10.974,10.678,0.8,-80.0,14.72,0.811,0.535,128.4,96.25,10.665,14.582,0.023320000000000004,0.03198,0
670611,248.83627305555552,17.765334999999997,33.847,15.64,15.86,14.85,33.13,,0.63,0.04,,,15.57,14.74,,,13.974,13.39,13.223,0.7,70.0,15.64,0.621,,,33.847,13.201,15.65,0.00914,0.013014,0
670615,147.87085,-11.671216111111109,74.111,15.59,15.78,14.24,34.45,,0.93,0.12,,,15.54,14.16,,,12.671,11.995,11.747,0.7,-30.0,15.59,0.851,0.646,,74.111,11.731,15.299,0.01802,0.02783,0
670619,67.53774305555555,-42.68230805555555,66.181,15.05,16.29,14.4,34.21,,1.19,0.9,1.16,180.0,14.98,14.36,,,13.33,12.346,11.986,0.3,0.0,15.05,1.549,0.195,180.0,66.181,11.977,16.207,0.016700000000000003,0.037019,0
670622,68.67669694444443,-42.61633305555555,86.722,17.12,17.2,14.9,34.8,,0.49,0.16,,128.5,17.06,14.87,,,13.795,13.079,12.67,0.6,-50.0,17.12,0.223,0.154,128.5,86.722,12.663,16.763,0.021680000000000005,0.054678,0
670645,359.68603499999995,-16.83575388888889,75.694,14.9,15.55,14.28,34.11,,0.99,0.48,0.98,101.8,14.92,14.23,,,14.11,13.424,13.109,0.5,-80.0,14.9,0.588,0.212,101.8,75.694,13.1,15.1,0.015580000000000002,0.019216,0
670676,139.3511811111111,34.674503055555554,99.806,15.62,15.69,14.37,35.1,,0.8,0.15,,54.8,15.55,14.34,,,13.008,12.289,11.994,0.8,50.0,15.62,0.631,0.447,54.8,99.806,11.988,15.801,0.023430000000000003,0.023064,0
670682,175.98924305555553,19.935653888888886,90.25,16.76,16.96,15.42,35.09,,0.58,0.16,0.58,90.5,16.76,15.38,,,14.306,13.712,13.491,0.8,80.0,16.76,0.199,0.165,90.5,90.25,13.483,16.38,0.023440000000000003,0.024172,0
670695,123.0641861111111,-67.6739811111111,95.097,14.35,15.24,13.34,34.99,,0.99,0.34,1.06,103.5,13.82,12.95,,,12.29,11.483,11.092,0.5,-75.0,14.35,0.977,0.446,103.5,95.097,11.017,14.419,0.024520000000000004,0.03611,0
670705,184.51954694444441,15.965778888888886,96.764,14.59,15.62,,35.03,,0.96,0.52,0.95,169.4,14.59,,,,13.049,12.297,12.1,0.3,-5.0,14.59,0.912,0.275,169.3,96.764,12.09,14.827,0.022890000000000004,0.03454,0
670707,202.49958805555553,0.30511111111111106,89.139,14.55,14.76,12.75,34.9,,0.89,0.03,0.91,,14.55,12.7,,,11.721,10.989,10.783,0.8,-15.0,14.55,0.83,0.481,,89.139,10.774,14.33,0.021560000000000003,0.022917,0
670714,117.35381305555553,74.33416,56.278,14.23,14.41,,33.93,,0.97,0.29,0.98,121.0,14.23,,0.26,0.72,11.822,11.15,10.908,0.5,-60.0,14.23,0.601,0.313,121.0,56.278,10.899,14.312,0.013180000000000002,0.014721,0
670716,63.892241944444436,-40.66271611111111,77.792,15.68,15.77,,34.55,,0.79,0.24,0.79,57.9,15.25,,,,13.571,12.897,12.565,0.7,-70.0,15.68,0.617,0.355,57.9,77.792,12.558,15.023,0.019480000000000004,0.035259,0
670742,350.44692999999995,43.99316805555555,49.528,15.1,15.94,,34.57,,0.9,0.03,0.99,,15.02,,,,11.74,11.009,10.685,0.7,-30.0,15.1,0.6,0.558,,49.528,10.614,14.369,0.018170000000000002,0.018984,0
670753,299.39028888888885,-55.57793388888888,69.639,13.99,14.32,12.35,34.3,,1.13,0.12,1.15,95.5,13.99,12.23,,,11.231,10.513,10.264,0.5,-85.0,13.99,0.869,0.443,95.5,69.639,10.242,14.101,0.017320000000000002,0.017652,0
670764,222.79325888888886,-26.638278888888884,27.139,14.89,15.61,13.59,33.07,,0.85,0.23,0.91,144.8,14.89,13.29,,,12.943,12.212,11.919,0.6,-15.0,14.89,0.466,0.27,144.8,27.139,11.862,14.57,0.00952,0.031197,0
670797,151.00884999999997,-6.474756944444444,67.597,12.34,13.0,11.67,34.32,,1.27,0.32,1.27,170.6,12.34,11.6,,,10.7,9.965,9.599,0.6,-35.0,12.34,1.12,0.538,170.6,67.597,9.586,13.063,0.017020000000000004,0.013044,0
670844,205.53665194444443,-30.763493888888885,64.569,13.19,13.65,11.4,34.15,,1.22,0.29,1.23,106.9,13.11,11.28,,,10.441,9.75,9.489,0.6,-75.0,13.19,1.66,0.852,106.9,64.569,9.466,13.306,0.015870000000000002,0.013964,0
670852,194.36025999999998,-3.490973055555555,42.139,14.29,14.38,12.77,33.3,,1.11,0.09,1.12,146.2,14.24,12.73,,,11.385,10.687,10.472,0.6,-10.0,14.29,0.199,0.161,146.2,42.139,10.464,14.096,0.010270000000000001,0.015752,0
670857,192.9732511111111,-12.604386944444443,63.278,16.27,16.44,,34.11,,0.67,0.14,,55.5,16.22,,,,13.298,12.71,12.481,0.5,70.0,16.27,0.468,0.339,55.5,63.278,12.467,15.828,0.015280000000000002,0.02736,0
670877,45.894816944444436,46.38631805555555,35.318,11.31,12.34,9.96,32.84,32.74,1.52,0.23,1.6,42.9,11.08,9.55,,0.68,9.211,8.452,8.166,0.7,90.0,11.31,3.231,1.906,42.9,35.318,8.088,12.225,0.007960000000000002,0.009535,0
670899,339.6752930555555,-22.384683888888887,46.486,16.28,16.4,,33.44,,0.74,0.2,,76.5,16.24,,,,13.118,12.391,11.999,0.7,75.0,16.28,0.55,0.347,76.5,46.486,11.989,15.76,,0.066652,0
670919,160.53144805555553,13.746929999999999,24.434,10.99,11.44,10.66,31.52,31.73,1.09,0.24,1.09,97.0,10.89,10.6,-0.07,0.51,9.4,8.731,8.448,0.6,90.0,10.99,3.795,2.353,97.0,24.434,8.437,11.387,0.004320000000000001,0.010679,0
670952,202.8320619444444,-1.6149230555555554,89.292,14.93,15.19,13.27,34.9,,0.94,0.04,0.96,,14.93,13.2,,,12.302,11.588,11.305,0.8,-15.0,14.93,0.601,0.523,,89.292,11.291,14.551,0.021570000000000002,0.019812,0
670993,269.26956194444443,12.23980111111111,42.861,13.2,14.2,,33.27,,1.03,0.15,1.1,106.7,13.2,,,,11.394,10.606,10.418,0.6,-70.0,13.2,0.793,0.626,106.7,42.861,10.355,12.97,0.009810000000000001,0.011437,0
671010,281.9240111111111,-63.40568194444444,61.694,13.91,14.36,12.16,33.46,,1.3,0.66,1.31,28.8,13.91,11.99,0.41,0.72,11.169,10.463,10.193,0.4,30.0,13.91,1.146,0.344,28.8,61.694,10.16,14.053,0.011660000000000002,0.020982,0
671014,11.580741944444442,51.21745305555555,75.792,13.13,14.88,12.91,34.51,,1.14,0.43,1.21,103.0,13.14,12.48,,,12.014,11.262,10.93,0.4,-75.0,13.13,1.146,0.481,103.0,75.792,10.849,13.826,0.017580000000000002,0.018631,0
671036,188.2000119444444,37.62180305555555,18.365,12.2,13.34,,30.07,31.32,1.56,0.56,1.54,32.6,12.31,,,,12.41,11.741,11.606,0.2,35.0,12.2,2.75,0.743,32.0,18.365,11.602,18.334,0.0016500000000000002,0.011948,0
671045,39.367824999999996,21.141953888888885,57.194,14.5,15.15,,33.87,,0.23,0.0,,,14.46,,,,13.901,13.288,12.928,0.8,-40.0,14.5,0.132,0.132,,57.194,12.873,15.497,,0.024195,0
671052,194.61538694444442,-8.858664999999998,61.472,16.14,16.29,14.4,34.05,,0.7,0.2,,138.5,16.1,14.34,,,13.973,13.365,13.012,0.5,-50.0,16.14,0.501,0.316,138.5,61.472,13.0,16.088,0.014780000000000001,0.028842,0
671056,15.178558055555554,-19.858054999999997,76.75,15.94,16.04,14.07,34.52,,0.89,0.46,0.88,139.3,15.88,14.04,,,13.344,12.571,12.317,0.5,-40.0,15.94,0.776,0.269,139.3,76.75,12.311,15.92,0.018880000000000004,0.036745,0
671068,29.181399999999996,15.014768888888886,65.139,14.28,14.91,13.15,34.15,,0.93,0.28,0.94,0.7,14.28,13.04,,,12.338,11.66,11.294,0.5,10.0,14.28,0.645,0.4,2.5,65.139,11.273,14.236,0.015660000000000004,0.029897,0
671070,168.12936388888886,23.27671111111111,98.639,15.02,15.08,13.35,34.99,,0.99,0.14,1.0,56.2,14.91,13.32,,,11.94,11.226,11.041,0.8,40.0,15.02,0.675,0.527,56.2,98.639,11.036,14.707,0.022390000000000004,0.019431,0
671110,145.87420694444444,9.420781944444443,44.542,15.12,15.19,13.73,33.41,,0.99,0.15,0.99,146.3,14.9,13.69,,,12.44,11.777,11.562,0.9,-80.0,15.12,1.347,0.512,146.3,44.542,11.553,14.945,0.010960000000000001,0.019087,0
671112,193.21040305555553,-40.4516261111111,46.345,12.76,13.67,11.71,33.66,33.33,1.25,0.28,1.29,99.0,12.71,11.51,,0.53,10.801,10.081,9.804,0.5,-75.0,12.76,1.286,0.669,97.2,46.345,9.765,13.101,0.012800000000000002,0.013751,0
671117,30.95753305555555,14.739018055555553,51.708,13.16,14.07,12.41,33.61,,1.39,0.57,1.39,9.6,13.21,12.3,,,10.794,10.056,9.774,0.3,10.0,13.16,1.817,0.836,9.5,51.708,9.753,13.738,0.012090000000000002,0.01879,0
671131,87.82465388888888,79.69618999999999,61.042,13.85,14.38,,34.09,,1.17,0.16,1.21,14.5,13.85,,,,10.494,9.711,9.44,0.7,5.0,13.85,0.998,0.868,14.5,61.042,9.4,13.333,0.014160000000000002,0.016936,0
671149,207.85514805555553,-28.273248888888887,64.236,15.11,15.41,13.13,34.13,,0.9,0.12,,,15.06,13.0,,,12.389,11.676,11.426,0.8,-65.0,15.11,0.794,0.603,,64.236,11.401,14.945,0.015660000000000004,0.019255,0
671154,194.26557888888885,-10.761764999999999,54.278,14.05,14.36,11.85,33.78,,1.14,0.15,1.17,92.5,14.05,11.74,,,11.045,10.334,10.055,0.8,-85.0,14.05,1.38,0.977,92.5,54.278,10.033,13.599,0.013060000000000002,0.017153,0
671160,79.8970261111111,-77.72872888888888,64.667,12.62,14.02,11.41,34.11,,1.24,0.27,1.33,63.7,12.62,10.93,,,9.886,9.082,8.791,0.4,70.0,12.62,1.41,0.62,63.7,64.667,8.698,15.851,0.01616,0.013448,0
671164,43.61452499999999,41.51362611111111,72.736,16.64,17.12,,34.3,,0.64,0.3,,4.5,16.6,,,,13.994,13.398,13.132,0.5,10.0,16.64,0.3,0.15,4.5,72.736,13.092,16.474,,0.024774,0
671179,299.15914888888886,-48.09047694444444,94.444,16.01,16.2,14.79,34.98,,0.63,0.11,,61.0,15.94,14.71,,,14.304,13.626,13.39,0.8,80.0,16.01,0.427,0.331,61.0,94.444,13.374,15.617,,0.030076,0
671186,30.344249999999995,-38.270068888888886,83.625,15.42,15.46,13.88,34.68,,0.72,0.06,0.72,105.2,15.25,13.84,,,13.243,12.615,12.348,0.8,50.0,15.42,0.362,0.322,105.2,83.625,12.34,15.202,0.020630000000000003,0.030795,0
671195,175.93327305555553,20.272588888888887,89.694,14.7,15.18,13.22,35.04,,0.97,0.44,0.96,38.2,14.78,13.18,,,12.167,11.501,11.217,0.4,35.0,14.7,0.573,,38.2,89.694,11.21,14.934,0.022940000000000002,0.020105,0
671205,173.57565305555553,15.596003055555553,72.944,16.66,16.84,,34.42,,0.51,0.18,,109.0,16.61,,,,14.729,14.157,13.688,0.6,-70.0,16.66,0.324,0.214,109.0,72.944,13.673,16.212,0.017220000000000003,0.029889,0
671217,277.7321780555555,-66.65171805555555,60.875,13.52,15.15,13.67,33.97,,1.17,0.7,1.18,176.6,13.52,13.49,,,13.065,12.454,12.236,0.2,-5.0,13.52,0.932,0.205,177.1,60.875,12.202,14.284,0.015000000000000003,0.012805,0
671228,66.98655694444443,40.84824,82.639,15.34,18.18,,34.71,,0.47,0.12,0.71,53.0,15.34,,,,14.234,13.386,13.009,0.5,55.0,15.34,0.515,,53.0,82.639,12.789,16.182,,0.033749,0
671238,42.14328388888888,-0.9933280555555555,96.653,15.84,16.46,14.87,35.03,,1.02,0.47,1.02,90.2,15.76,14.77,,,13.5,12.569,12.143,0.2,90.0,15.84,1.047,0.355,90.2,96.653,12.123,15.81,0.023490000000000004,0.0376,0
671240,217.97517388888886,-32.60491888888888,61.708,15.26,15.54,13.93,34.05,,0.76,0.16,,85.0,15.21,13.8,,,13.44,12.777,12.669,0.6,70.0,15.26,0.575,0.398,85.0,61.708,12.645,14.927,0.015140000000000002,0.01615,0
671241,101.97856888888887,84.1619111111111,63.139,13.54,14.73,,34.15,,1.15,0.56,1.15,1.3,13.54,,,,13.113,12.604,12.357,0.3,-5.0,13.54,1.228,0.246,1.3,63.139,12.335,14.348,,0.01277,0
671253,228.59329194444442,-44.004054999999994,69.944,15.44,16.26,14.01,34.34,,0.82,0.74,0.87,24.2,14.86,13.64,,,12.536,11.704,11.304,0.4,25.0,15.44,0.508,,24.2,69.944,11.234,15.206,0.016900000000000002,0.027656,0
671280,315.8745419444444,-11.41468611111111,73.847,15.96,16.31,14.33,34.44,,0.64,0.08,,169.0,15.9,14.18,,,12.882,12.21,11.896,0.9,15.0,15.96,0.437,0.364,169.0,73.847,11.868,15.632,0.017780000000000004,0.026227,0
671287,238.82307388888887,47.9609111111111,88.083,15.55,15.62,14.31,34.83,,0.86,0.53,,13.5,15.49,14.27,,,13.113,12.392,12.202,0.5,10.0,15.55,0.724,0.214,13.5,88.083,12.196,15.72,0.02023,0.018837,0
671289,104.97378499999999,-0.4243138888888888,94.806,13.36,16.99,16.25,35.0,,0.72,0.3,0.99,81.5,13.36,14.9,,,13.907,13.137,12.755,0.5,-80.0,13.36,1.343,0.671,81.5,94.806,12.495,13.628,,0.014496,0
671290,302.95156888888886,-51.38831694444444,42.722,14.41,14.68,13.17,32.97,,1.02,0.51,1.02,146.1,13.61,13.05,,,12.628,11.973,11.7,0.4,-30.0,14.41,0.659,0.217,146.1,42.722,11.677,14.5,0.009660000000000002,0.0208,0
671330,131.11074805555555,-25.26387805555555,71.486,14.45,15.55,,34.37,,0.82,0.46,0.85,15.0,14.56,,,,12.011,11.304,10.996,0.5,10.0,14.45,0.661,0.229,15.0,71.486,10.952,14.718,0.017700000000000004,0.033052,0
671346,145.91827388888888,11.060774999999998,84.486,14.11,14.31,13.0,34.78,,0.93,0.01,0.94,,14.11,12.95,,,11.519,10.833,10.522,0.9,-25.0,14.11,0.478,0.478,,84.486,10.513,14.504,0.020550000000000002,0.028356,0
671349,74.52551999999999,41.17159305555555,39.778,15.1,18.47,,33.22,,0.67,0.4,0.97,40.3,14.41,,,,13.303,12.286,11.852,0.3,40.0,15.1,2.012,,40.5,39.778,11.566,17.025,,0.044822,0
671432,311.7801819444444,0.43019194444444436,53.472,14.76,15.15,13.32,33.66,,0.7,0.16,0.73,63.5,14.68,13.13,,,11.633,10.991,10.69,0.4,55.0,14.76,0.456,0.255,63.5,53.472,10.655,14.277,0.012220000000000002,0.018606,0
671436,54.734199999999994,30.255856111111108,58.833,15.38,17.21,,33.95,,0.6,0.15,0.74,130.7,15.38,,,,14.219,13.543,13.226,0.3,-60.0,15.38,0.398,0.282,130.7,58.833,13.09,14.818,,0.011587,0
671443,311.65862999999996,0.33939888888888886,53.486,15.34,15.74,14.06,33.73,,0.88,0.19,0.92,132.5,15.24,13.86,,,13.168,12.429,12.294,0.7,-50.0,15.34,0.759,0.49,132.5,53.486,12.255,14.998,0.012630000000000002,0.008664,0
671447,47.17832194444444,-11.04893111111111,68.917,15.93,16.25,14.13,34.3,,0.82,0.46,0.83,169.7,15.92,14.02,,,13.398,12.675,12.517,0.4,-20.0,15.93,0.661,0.229,169.7,68.917,12.495,15.899,0.016980000000000002,0.0227,0
671463,107.32475305555555,49.87136499999999,71.028,14.56,15.73,,34.35,,0.94,0.47,0.96,47.5,14.56,,,,13.234,12.472,12.12,0.4,45.0,14.56,0.871,0.295,47.5,71.028,12.089,15.26,,0.044494,0
671467,211.7683261111111,-30.01708611111111,26.669,12.8,13.31,12.21,32.91,32.13,1.14,0.28,1.15,82.3,12.54,12.09,-0.37,0.2,11.996,11.402,11.23,0.6,70.0,12.8,0.932,0.55,82.3,26.669,11.208,13.118,0.008980000000000002,0.005947,0
671481,307.6604,-33.485549999999996,43.125,12.55,13.02,11.24,33.19,,1.37,0.12,1.39,148.3,12.56,11.13,0.01,0.62,10.383,9.704,9.431,0.7,-25.0,12.55,2.086,1.481,148.3,43.125,9.41,12.714,0.010280000000000001,0.010504,0
671487,145.41787694444443,-9.022571944444444,54.486,14.74,14.95,12.66,34.59,,1.05,0.31,1.05,80.8,14.42,12.59,,,11.736,11.026,10.78,0.7,80.0,14.74,1.122,0.55,80.8,54.486,10.767,14.607,0.01913,0.026898,0
671493,170.51948499999997,19.050028055555554,58.861,15.27,15.42,14.4,34.01,,0.98,0.28,0.98,74.9,15.27,14.36,,,13.028,12.302,11.946,0.6,65.0,15.27,0.502,,74.9,58.861,11.939,14.898,,0.037822,0
671546,334.1690669444444,-27.440088055555552,73.361,16.74,16.83,14.72,34.42,,0.54,0.09,,10.0,16.68,14.68,,,13.827,13.322,12.945,0.8,30.0,16.74,0.347,0.282,10.0,73.361,12.938,16.568,0.01794,0.038928,0
671554,153.93560805555555,-20.295613888888887,47.958,13.59,14.2,12.25,33.54,,1.23,0.36,1.24,126.7,13.58,12.15,,,11.292,10.553,10.172,0.7,-70.0,13.59,1.021,0.51,126.7,47.958,10.152,13.945,0.012010000000000002,0.018651,0
671560,206.73590111111108,-39.884364999999995,94.097,14.88,15.19,13.31,34.98,,1.08,0.5,,110.4,14.81,13.17,,,12.483,11.7,11.385,0.3,-65.0,14.88,0.757,0.25,110.5,94.097,11.359,14.652,0.023180000000000003,0.029795,0
671570,215.37255888888888,-33.16696194444444,55.611,14.55,15.66,14.11,33.84,,1.06,0.58,1.07,170.6,14.46,13.95,,,13.672,12.997,12.592,0.5,-5.0,14.55,1.148,0.302,170.6,55.611,12.562,14.908,0.013690000000000003,0.017439,0
671593,190.00692694444442,-42.04278194444444,38.931,13.07,14.41,12.17,33.1,,1.2,0.43,1.24,131.4,13.08,11.9,,,11.122,10.393,10.075,0.4,-50.0,13.07,1.045,0.428,131.4,38.931,10.024,13.62,0.009910000000000002,0.021214,0
671638,194.6097261111111,-10.21168,88.875,16.67,16.87,14.58,34.85,,0.72,0.48,,71.0,16.61,14.49,,,13.396,12.58,12.332,0.5,75.0,16.67,0.525,0.174,71.0,88.875,12.315,16.339,0.021380000000000003,0.048071,0
671639,151.20873999999998,-6.724978055555555,67.278,14.5,14.65,12.32,34.24,,1.06,0.14,1.08,41.5,14.42,12.25,,,11.536,10.845,10.582,0.6,50.0,14.5,1.148,0.831,41.5,67.278,10.569,14.338,0.016350000000000003,0.024126,0
671649,210.44192499999997,9.490223055555555,86.833,13.64,14.12,12.96,34.83,,1.19,0.19,1.2,52.1,13.65,12.89,0.1,0.67,11.922,11.259,10.993,0.5,55.0,13.64,1.257,0.779,52.1,86.833,10.981,14.427,0.020790000000000003,0.021797,0
671661,173.42053194444443,-13.878774999999997,61.472,14.8,15.02,12.85,34.11,,0.96,0.17,0.97,86.5,14.8,12.79,,,12.144,11.47,11.365,0.9,75.0,14.8,0.615,0.418,86.5,61.472,11.352,14.607,0.015370000000000002,0.009117,0
671678,266.0357361111111,40.86731305555555,25.351,14.3,15.01,,32.38,36.24,0.69,0.16,0.7,5.0,14.59,,,,12.775,12.068,11.678,0.9,-15.0,14.3,0.354,0.244,5.0,25.351,11.664,14.855,0.04039000000000001,0.040248,0
671680,264.2034611111111,72.0889511111111,39.994,12.73,13.02,11.75,33.04,33.01,1.32,0.39,1.32,93.1,12.26,11.69,,,11.084,10.39,10.121,0.5,80.0,12.73,1.657,0.696,93.1,39.994,10.109,13.397,0.008280000000000001,0.0134,0
671682,180.60743694444443,-4.305993055555555,77.917,13.7,15.28,13.7,34.6,,1.2,0.77,1.19,59.6,13.86,13.64,,,13.122,12.304,12.066,0.2,55.0,13.7,1.021,0.163,59.4,77.917,12.054,15.089,0.019200000000000002,0.031711,0
671685,147.18179305555554,44.081286944444436,66.597,12.52,13.11,12.14,34.28,,1.39,0.3,1.38,55.0,12.52,12.12,,0.47,11.07,10.386,10.106,0.5,40.0,12.52,2.134,1.024,55.0,66.597,10.101,17.601,0.015910000000000004,0.01558,0
671688,36.344989999999996,42.035396944444436,77.389,14.16,14.51,,34.35,,1.01,0.0,1.05,,14.16,,,,11.304,10.603,10.35,0.9,40.0,14.16,0.675,0.675,,77.389,10.327,14.246,0.016600000000000004,0.020846,0
671702,191.92480499999996,26.981654999999996,99.375,14.58,14.68,13.0,35.13,,1.03,0.54,1.01,61.8,14.51,12.97,,,11.437,10.735,10.463,0.4,65.0,14.58,0.975,0.292,61.8,99.375,10.458,14.591,0.023850000000000003,0.021691,0
671704,354.0587461111111,2.15502,34.674,12.8,12.98,11.35,33.04,,1.34,0.14,1.35,8.4,12.53,11.25,-0.52,0.42,10.836,10.208,9.871,0.4,-20.0,12.8,1.346,1.023,8.4,34.674,9.852,13.118,0.009330000000000001,0.013979,0
671715,308.01010111111106,-14.922723055555554,92.458,15.3,15.59,14.04,34.92,,0.99,0.51,,167.3,15.24,13.92,,,13.672,12.872,12.652,0.5,-15.0,15.3,0.977,0.302,167.3,92.458,12.628,14.851,0.02227,0.018941,0
671720,14.959973888888888,-40.421051111111105,92.333,17.06,17.12,15.53,34.94,,0.57,0.05,,86.0,16.99,15.5,,,14.883,14.069,13.465,0.5,-80.0,17.06,0.372,0.331,86.0,92.333,13.46,17.002,,0.052518,0
671728,75.61354805555554,-9.47178611111111,52.722,15.16,15.52,13.3,33.71,,0.88,0.33,,165.5,15.12,13.14,,,12.456,11.751,11.498,0.5,-10.0,15.16,0.759,0.355,165.5,52.722,11.468,14.935,0.013030000000000002,0.029376,0
671733,246.4161219444444,20.68354805555555,62.722,16.34,16.6,15.81,34.09,,0.59,0.14,,150.2,16.29,15.69,,,14.811,14.246,13.847,0.8,-30.0,16.34,0.389,0.282,150.2,62.722,13.825,16.681,0.014480000000000002,0.044682,0
671737,195.10702499999996,28.867669999999997,95.417,15.23,15.38,,35.03,,0.78,0.14,0.78,176.9,15.23,,,,12.69,11.971,11.791,0.8,5.0,15.23,0.38,0.296,176.9,95.417,11.787,15.117,0.022580000000000003,0.01704,0
671748,41.980823888888885,37.538441111111105,10.046,13.1,14.58,,30.07,,1.21,0.17,1.23,161.7,13.96,,,,14.366,13.775,13.625,0.7,-10.0,13.1,1.622,1.096,161.7,10.046,13.598,16.005,0.0019400000000000003,0.009801,0
671754,299.03277611111105,-32.334624999999996,82.458,14.27,15.16,12.19,34.69,,0.95,0.19,1.03,14.1,14.27,11.84,,,11.626,10.893,10.662,0.7,-5.0,14.27,0.891,0.576,14.1,82.458,10.595,14.149,0.020260000000000004,0.020381,0
671765,145.8078461111111,-4.468728888888888,84.583,14.29,15.02,13.22,34.78,,1.0,0.46,1.0,175.0,14.3,13.14,,,12.354,11.608,11.361,0.3,-5.0,14.29,0.63,0.227,175.0,84.583,11.344,14.582,0.021290000000000003,0.029589,0
671766,186.54086305555552,-39.12400805555555,48.097,13.12,14.11,12.39,33.46,,1.26,0.39,1.28,127.8,13.12,12.22,,,12.135,11.503,11.287,0.3,-55.0,13.12,1.146,0.596,127.8,48.097,11.254,13.57,0.011850000000000001,0.01602,0
671776,87.7562711111111,-9.94476111111111,65.514,14.46,17.91,16.2,34.17,,0.6,0.23,,134.5,14.41,14.68,,,14.006,13.271,12.735,0.5,-55.0,14.46,0.398,0.234,134.5,65.514,12.446,14.251,0.016180000000000003,0.008552,0
671792,107.42389694444444,36.36926694444444,99.361,15.32,15.58,,35.13,,0.87,0.3,0.89,45.5,14.79,,,,12.11,11.357,11.109,0.6,40.0,15.32,0.524,0.147,45.5,99.361,11.087,15.192,0.023900000000000005,0.02573,0
671797,331.71581999999995,-64.63455194444444,35.833,12.96,13.81,12.05,32.97,,1.26,0.4,1.26,137.5,12.96,11.98,,,11.273,10.626,10.309,0.5,-40.0,12.96,1.146,0.424,137.5,35.833,10.295,13.169,0.010010000000000002,0.013638,0
671799,93.25077805555554,-52.46133,58.667,14.9,15.22,13.89,33.95,,0.9,0.24,,31.5,14.86,13.75,,,13.421,12.83,12.547,0.7,40.0,14.9,0.794,0.457,31.5,58.667,12.52,14.992,0.015010000000000003,0.030138,0
671805,347.37829611111107,32.67503388888888,93.472,14.11,14.63,,34.95,,1.08,0.13,1.1,52.2,14.11,,,,12.244,11.565,11.241,0.7,50.0,14.11,0.675,0.56,52.2,93.472,11.217,14.101,0.021780000000000004,0.016856,0
671809,128.87176499999998,25.027408888888885,71.986,15.12,15.24,,34.44,,0.9,0.48,0.89,50.6,14.87,,,,12.136,11.37,11.016,0.4,50.0,15.12,0.5,0.275,50.6,71.986,11.005,14.699,0.017490000000000002,0.027801,0
671819,268.9991461111111,18.33828694444444,43.681,12.48,13.02,,33.33,,1.32,0.1,1.35,42.5,12.48,,,,10.215,9.518,9.263,0.7,40.0,12.48,1.582,1.028,42.5,43.681,9.23,12.703,0.010020000000000001,0.013536,0
671827,96.19629694444443,15.979198055555553,56.583,13.68,16.67,,33.91,,0.76,0.38,1.03,24.0,13.02,,,,12.088,11.25,10.843,0.4,45.0,13.68,0.405,0.17,29.0,56.583,10.588,14.423,,0.013325,0
671837,201.08389305555554,36.596038888888884,67.417,14.5,14.61,14.24,34.3,,0.93,0.0,0.94,,14.54,14.21,,,13.29,12.761,12.458,0.9,80.0,14.5,0.316,0.3,,67.417,12.452,15.003,0.0159,0.018439,0
671840,328.6423030555555,44.39765499999999,54.847,15.06,16.79,,33.8,,0.65,0.13,0.79,17.5,15.06,,,,12.843,11.973,11.651,0.6,15.0,15.06,0.234,0.117,17.5,54.847,11.524,15.187,0.012410000000000003,0.018384,0
671859,289.9618230555555,-28.812863888888884,90.431,17.7,18.67,13.21,34.83,,0.96,0.39,0.99,165.0,17.77,13.01,,,12.107,11.322,10.909,0.4,-20.0,17.7,0.588,0.229,165.0,90.431,10.872,14.955,0.021690000000000004,0.026457,0
671879,11.947119999999998,-11.468698055555555,18.45,12.25,12.4,,31.75,,1.31,0.04,1.32,6.5,12.21,,-0.28,0.44,10.881,10.234,10.076,0.7,55.0,12.25,2.086,1.857,6.5,18.45,10.066,12.087,0.00544,0.009014,0
671885,89.10967305555555,-34.102103888888884,58.167,13.76,14.17,13.22,33.93,,1.04,0.1,1.06,152.6,13.76,13.13,,,12.479,11.881,11.613,0.7,-60.0,13.76,0.793,0.658,152.6,58.167,11.595,14.104,0.014840000000000002,0.018062,0
671889,158.07200611111108,27.668773888888886,6.5,12.87,13.21,,29.94,29.08,1.21,0.3,1.21,95.3,12.56,,-0.29,0.3,11.912,11.305,11.116,0.5,85.0,12.87,2.1,1.008,95.3,6.5,11.107,12.919,0.0017900000000000004,0.007161,0
671918,53.93836999999999,-21.782739999999997,19.889,16.22,16.38,14.9,31.64,,0.74,0.15,0.75,140.9,16.16,14.86,,,14.588,13.904,13.678,0.7,-45.0,16.22,0.55,0.389,140.9,19.889,13.668,16.094,,0.023284,0
671940,356.8490911111111,-2.3512738888888887,84.75,14.57,14.98,12.93,34.69,,0.99,0.27,0.99,42.0,14.56,12.86,,,11.99,11.292,11.044,0.7,40.0,14.57,0.316,0.19,42.0,84.75,11.031,14.534,0.020020000000000003,0.027421,0
671943,3.3622949999999996,17.486428888888888,71.556,13.69,14.21,,34.34,,1.07,0.15,1.08,12.7,13.69,,,,11.668,11.008,10.687,0.5,-15.0,13.69,0.757,0.628,12.7,71.556,10.667,13.409,0.016690000000000003,0.019227,0
671962,180.7093811111111,18.01553,65.681,14.52,14.62,13.43,34.26,,0.82,0.11,0.83,93.0,14.45,13.39,,,12.019,11.332,11.06,0.5,85.0,14.52,0.436,0.331,93.0,65.681,11.052,14.15,0.01606,0.020611,0
671974,49.02356305555555,-34.36069499999999,67.014,13.72,14.46,12.98,34.19,,1.08,0.37,1.08,63.6,13.71,12.92,,,12.008,11.313,10.993,0.5,65.0,13.72,0.889,0.347,63.6,67.014,10.982,13.998,0.016560000000000002,0.021491,0
671999,171.50430305555554,1.9841449999999998,92.861,14.04,14.57,13.28,35.0,,1.04,0.2,1.05,41.3,14.05,13.22,,,11.994,11.288,11.018,0.8,65.0,14.04,0.775,0.512,41.3,92.861,11.005,14.315,0.022760000000000002,0.022893,0
